id_transacao,valor,data_hora,localizacao,dispositivo,meio_pagamento,score_risco,fraude
1,1877.07,2025-06-07 05:54:13.432349,Londres,Mobile,Cartão Crédito,0.27,0
2,12040.49,2025-06-05 07:02:17.581454,Tóquio,Desktop,Cartão Débito,0.6,1
3,5266.98,2025-02-24 13:25:21.503744,Curitiba,Mobile,PIX,0.03,0
4,3651.77,2025-01-21 16:10:00.497761,Nova York,Tablet,Cartão Débito,0.28,0
5,678.5,2025-01-04 04:20:06.038850,São Paulo,Mobile,Boleto,0.1,0
6,678.39,2025-04-28 02:59:05.461366,Nova York,Tablet,Cartão Débito,0.21,0
7,239.36,2025-03-01 22:29:32.390652,Tóquio,Desktop,Cartão Crédito,0.4,0
8,8044.92,2025-02-22 05:12:52.560352,Tóquio,Mobile,Boleto,0.43,0
9,3676.33,2025-02-21 09:59:09.669445,São Paulo,Tablet,Cartão Crédito,0.04,0
10,4925.0,2025-03-14 05:28:53.787086,Rio de Janeiro,Mobile,PIX,0.18,0
11,83.2,2025-03-30 15:17:46.050101,São Paulo,Desktop,Cartão Crédito,0.18,0
12,14014.23,2025-03-25 18:35:23.072249,Londres,Mobile,Cartão Crédito,0.55,1
13,7145.72,2025-04-04 05:50:37.358833,Curitiba,Desktop,Cartão Débito,0.19,0
14,954.75,2025-06-11 10:01:29.997286,Rio de Janeiro,Desktop,Cartão Crédito,0.14,0
15,802.72,2025-04-30 13:28:46.022928,São Paulo,Desktop,Boleto,0.14,0
16,810.45,2025-02-19 14:37:16.526309,Nova York,Desktop,Boleto,0.32,0
17,1451.01,2025-03-02 08:13:06.925880,Rio de Janeiro,Mobile,PIX,0.04,0
18,2975.71,2025-04-27 02:54:48.314855,Rio de Janeiro,Mobile,Boleto,0.15,0
19,2262.15,2025-06-03 00:41:08.735441,São Paulo,Mobile,Cartão Débito,0.19,0
20,1376.89,2025-01-18 15:32:19.476035,Rio de Janeiro,Mobile,PIX,0.17,0
21,3785.48,2025-02-20 08:35:20.539648,Nova York,Desktop,Boleto,0.46,0
22,600.94,2025-05-04 05:57:36.283424,Tóquio,Mobile,Cartão Débito,0.23,0
23,1382.06,2025-05-04 00:12:03.037965,Rio de Janeiro,Tablet,Boleto,0.06,0
24,1825.11,2025-01-25 12:44:56.828260,Tóquio,Desktop,Boleto,0.37,0
25,2435.74,2025-01-06 21:48:00.700834,Nova York,Desktop,Cartão Crédito,0.36,0
26,6151.74,2025-06-02 05:48:20.490373,São Paulo,Mobile,Boleto,0.13,0
27,890.94,2025-03-05 08:23:20.388728,Curitiba,Desktop,Boleto,0.21,0
28,2888.12,2025-02-02 17:24:46.495677,Rio de Janeiro,Tablet,Cartão Débito,0.09,0
29,3590.02,2025-02-19 08:34:38.197358,Curitiba,Mobile,Cartão Débito,0.09,0
30,190.26,2025-06-15 02:32:34.175972,Nova York,Desktop,Cartão Crédito,0.47,1
31,3741.33,2025-03-11 23:56:27.934376,Rio de Janeiro,Desktop,Boleto,0.28,0
32,747.85,2025-01-02 23:43:54.955292,Tóquio,Mobile,Cartão Crédito,0.27,0
33,269.06,2025-05-26 19:44:54.858670,Londres,Mobile,Boleto,0.38,0
34,11894.75,2025-02-01 08:38:44.330112,Curitiba,Mobile,PIX,0.4,0
35,13482.52,2025-05-03 17:19:35.293233,Rio de Janeiro,Mobile,PIX,0.28,0
36,6609.33,2025-06-05 02:54:16.503676,Curitiba,Mobile,Cartão Crédito,0.1,0
37,1453.15,2025-06-09 23:23:18.920388,Rio de Janeiro,Mobile,Cartão Crédito,0.11,0
38,411.11,2025-03-19 11:28:56.561327,São Paulo,Mobile,Cartão Crédito,0.19,0
39,4611.0,2025-04-29 06:12:04.932008,Tóquio,Mobile,Cartão Débito,0.4,0
40,2320.36,2025-04-17 08:32:00.116083,Curitiba,Tablet,Cartão Débito,0.03,0
41,520.61,2025-04-06 04:52:13.175870,Londres,Mobile,Cartão Débito,0.28,0
42,2734.19,2025-02-10 12:43:37.348326,Londres,Tablet,Cartão Crédito,0.32,0
43,139.97,2025-05-24 16:38:15.200247,Nova York,Mobile,Boleto,0.3,0
44,9601.69,2025-03-16 03:18:49.123311,Rio de Janeiro,Mobile,PIX,0.24,0
45,1197.83,2025-05-05 08:57:42.521382,Curitiba,Mobile,Cartão Crédito,0.18,0
46,4345.02,2025-03-07 04:14:04.186661,Nova York,Mobile,Cartão Débito,0.36,0
47,1494.19,2025-05-04 21:19:22.358660,Curitiba,Mobile,Cartão Débito,0.18,0
48,2936.44,2025-01-31 17:44:21.186107,Rio de Janeiro,Desktop,Cartão Crédito,0.29,0
49,3164.9,2025-01-27 11:13:08.731722,Londres,Mobile,Cartão Crédito,0.37,0
50,817.55,2025-03-17 10:03:09.208660,São Paulo,Desktop,Cartão Débito,0.19,0
51,13971.23,2025-04-25 17:22:27.157214,Londres,Desktop,Boleto,0.64,1
52,5968.98,2025-01-07 14:16:55.014062,Nova York,Mobile,Cartão Débito,0.26,0
53,11220.38,2025-03-29 01:12:21.615851,Tóquio,Mobile,Cartão Débito,0.54,1
54,9008.61,2025-02-19 10:14:00.468024,São Paulo,Desktop,Cartão Crédito,0.33,0
55,3644.22,2025-04-25 07:05:37.675779,Nova York,Mobile,Boleto,0.36,0
56,58214.23162579274,2025-05-29 02:57:36.252589,Rio de Janeiro,Mobile,Cartão Débito,0.49,1
57,370.62,2025-01-14 10:08:35.940619,São Paulo,Tablet,Cartão Débito,0.03,0
58,872.54,2025-06-04 11:35:07.731677,Nova York,Mobile,PIX,0.24,0
59,185.13,2025-01-19 14:47:13.938731,Rio de Janeiro,Desktop,Cartão Crédito,0.1,0
60,1574.13,2025-04-11 09:37:45.610629,Londres,Tablet,PIX,0.35,0
61,1968.52,2025-04-03 09:28:47.928888,Tóquio,Mobile,PIX,0.36,0
62,1266.24,2025-06-01 16:02:28.623671,Rio de Janeiro,Mobile,Cartão Débito,0.11,0
63,7058.23,2025-06-03 12:05:25.001382,Curitiba,Mobile,Cartão Crédito,0.07,0
64,1764.91,2025-04-02 17:10:08.362856,Rio de Janeiro,Mobile,Boleto,0.03,0
65,1319.21,2025-06-16 19:47:13.808882,Rio de Janeiro,Mobile,Cartão Débito,0.01,0
66,3129.63,2025-04-04 16:09:18.576828,Tóquio,Desktop,Boleto,0.35,0
67,607.59,2025-03-23 15:02:26.801648,Curitiba,Mobile,Boleto,0.18,0
68,6481.93,2025-04-28 21:04:03.265324,Nova York,Mobile,Cartão Crédito,0.28,0
69,309.9,2025-02-01 10:58:20.607888,Nova York,Tablet,PIX,0.27,0
70,17336.59,2025-05-31 08:50:12.992983,Rio de Janeiro,Desktop,Cartão Crédito,0.36,0
71,5917.94,2025-01-02 18:43:25.125510,Curitiba,Desktop,Boleto,0.17,0
72,886.16,2025-05-02 03:07:23.286165,Curitiba,Mobile,Cartão Débito,0.11,0
73,22.15,2025-02-14 09:29:16.664304,Tóquio,Desktop,Boleto,0.42,0
74,6759.59,2025-05-30 13:02:30.519025,Londres,Mobile,Cartão Débito,0.28,0
75,4908.38,2025-03-03 09:31:32.013373,Nova York,Mobile,Cartão Débito,0.24,0
76,5222.65,2025-01-08 19:47:02.986454,Tóquio,Mobile,Cartão Crédito,0.3,0
77,5900.86,2025-05-21 13:42:01.045641,São Paulo,Desktop,Boleto,0.18,0
78,307.72,2025-04-20 08:20:25.074821,Nova York,Mobile,PIX,0.25,0
79,1775.57,2025-05-10 01:43:07.941374,Tóquio,Mobile,Boleto,0.4,0
80,492.6,2025-01-03 11:50:12.632940,Nova York,Mobile,Boleto,0.33,0
81,7954.12,2025-01-01 15:03:22.152073,Londres,Mobile,PIX,0.35,0
82,3905.2,2025-02-23 03:04:01.276973,São Paulo,Desktop,Cartão Crédito,0.2,0
83,1607.28,2025-01-07 21:48:59.636009,Londres,Desktop,Boleto,0.39,0
84,262.67,2025-06-14 04:33:58.919675,São Paulo,Desktop,Boleto,0.21,0
85,12043.018865455097,2025-05-30 00:01:22.982519,Rio de Janeiro,Mobile,Cartão Débito,0.35,0
86,1573.26,2025-05-02 00:10:58.151958,Tóquio,Mobile,Boleto,0.35,0
87,5231.5,2025-03-03 18:33:57.692650,São Paulo,Mobile,PIX,0.06,0
88,4059.56,2025-01-17 16:37:36.861477,Londres,Mobile,Cartão Débito,0.32,0
89,8729.01,2025-03-11 01:53:59.221463,Nova York,Mobile,Cartão Crédito,0.48,1
90,2556.26,2025-03-09 06:10:00.833589,São Paulo,Desktop,Cartão Débito,0.29,0
91,509.49,2025-06-14 21:17:04.702863,Tóquio,Mobile,PIX,0.33,0
92,4996.51,2025-03-30 21:16:29.656797,São Paulo,Mobile,PIX,0.13,0
93,5721.57,2025-04-11 07:42:03.921299,Curitiba,Mobile,Cartão Débito,0.05,0
94,3295.55,2025-03-12 19:34:56.499696,Nova York,Mobile,Cartão Crédito,0.34,0
95,5895.56,2025-01-14 03:11:49.370093,Tóquio,Mobile,Cartão Débito,0.25,0
96,2723.26,2025-05-23 12:48:21.703284,Tóquio,Tablet,Cartão Crédito,0.28,0
97,16476.25343180264,2025-02-04 23:37:51.886910,Rio de Janeiro,Desktop,Cartão Débito,0.36,0
98,2231.26,2025-04-10 07:39:48.371673,Londres,Tablet,PIX,0.35,0
99,102.99,2025-04-05 07:58:18.546389,Rio de Janeiro,Mobile,Boleto,0.04,0
100,456.67,2025-01-19 20:43:02.099766,Tóquio,Mobile,Boleto,0.28,0
101,127.73,2025-02-24 14:46:17.775297,Nova York,Mobile,Cartão Crédito,0.38,0
102,4046.92,2025-02-02 15:47:03.930975,São Paulo,Mobile,Cartão Crédito,0.06,0
103,1509.59,2025-01-10 08:49:26.206879,São Paulo,Desktop,Cartão Crédito,0.21,0
104,2841.75,2025-02-06 04:41:47.164111,Nova York,Mobile,PIX,0.3,0
105,9525.06,2025-03-08 15:23:35.948195,Tóquio,Mobile,Cartão Débito,0.4,0
106,1146.96,2025-06-11 07:42:06.175287,São Paulo,Mobile,PIX,0.16,0
107,2113.13,2025-05-21 07:50:07.744388,São Paulo,Mobile,Boleto,0.02,0
108,5635.0,2025-04-23 14:36:23.484838,São Paulo,Desktop,Cartão Crédito,0.22,0
109,5670.839628090872,2025-02-02 11:53:53.486993,Londres,Mobile,Cartão Débito,0.34,0
110,320.42,2025-01-27 22:03:55.949129,Londres,Mobile,Boleto,0.33,0
111,1368.56,2025-03-18 01:17:30.782579,Curitiba,Mobile,Boleto,0.14,0
112,8390.590044226612,2025-05-25 07:22:35.216313,Rio de Janeiro,Mobile,Boleto,0.24,0
113,10619.8,2025-05-03 19:12:08.659945,Nova York,Desktop,PIX,0.51,1
114,6603.55,2025-01-23 09:30:41.667675,Nova York,Desktop,Cartão Crédito,0.48,1
115,4013.98,2025-05-14 18:05:14.342107,Nova York,Tablet,Boleto,0.33,0
116,8206.08,2025-02-16 21:51:22.016961,Curitiba,Desktop,Cartão Crédito,0.31,0
117,6511.88,2025-03-14 00:17:56.237430,Londres,Mobile,PIX,0.4,0
118,825.98,2025-04-10 11:09:00.485804,Tóquio,Desktop,Boleto,0.47,1
119,8923.25,2025-02-09 22:08:59.814411,Tóquio,Mobile,PIX,0.49,1
120,3100.4,2025-02-21 16:47:16.230643,Curitiba,Mobile,PIX,0.08,0
121,6589.39,2025-03-24 17:20:05.944394,Tóquio,Desktop,Cartão Crédito,0.49,1
122,9056.97,2025-01-11 03:46:57.943926,Nova York,Mobile,Boleto,0.49,1
123,1530.92,2025-04-22 22:29:19.330038,Rio de Janeiro,Tablet,PIX,0.04,0
124,466.37,2025-06-03 08:19:50.641678,São Paulo,Mobile,Boleto,0.17,0
125,1034.75,2025-02-06 21:48:53.409967,Londres,Desktop,Cartão Crédito,0.48,1
126,2228.23,2025-03-18 13:13:19.764939,Londres,Desktop,PIX,0.4,0
127,6815.32,2025-04-02 05:07:30.311578,Curitiba,Desktop,Cartão Crédito,0.15,0
128,7885.38,2025-06-04 02:17:53.598545,Londres,Desktop,Boleto,0.42,0
129,27.91,2025-03-06 02:18:15.074167,Nova York,Desktop,Boleto,0.46,0
130,2859.5,2025-03-15 11:30:19.381109,Tóquio,Mobile,Cartão Crédito,0.39,0
131,2161.09,2025-05-05 18:41:03.319659,Nova York,Mobile,Cartão Débito,0.25,0
132,1004.67,2025-01-04 01:15:11.185815,Curitiba,Mobile,PIX,0.02,0
133,510.72,2025-03-30 11:55:02.158176,Nova York,Desktop,Boleto,0.48,1
134,1647.63,2025-04-17 06:14:17.462227,Tóquio,Mobile,Boleto,0.29,0
135,11452.48,2025-02-13 07:31:40.598215,Rio de Janeiro,Desktop,PIX,0.42,0
136,1561.54,2025-01-29 03:13:12.294356,Curitiba,Mobile,Cartão Crédito,0.2,0
137,2925.81,2025-05-02 17:40:17.529301,Rio de Janeiro,Mobile,Cartão Crédito,0.03,0
138,4856.35,2025-04-13 10:11:41.568892,São Paulo,Desktop,Cartão Crédito,0.25,0
139,1807.9,2025-04-02 18:17:45.895781,Rio de Janeiro,Mobile,Cartão Débito,0.02,0
140,14271.19,2025-04-10 10:27:21.722615,São Paulo,Mobile,Cartão Débito,0.3,0
141,13128.04,2025-02-20 13:05:43.851207,São Paulo,Mobile,Boleto,0.38,0
142,1160.25,2025-01-05 13:33:50.617541,Rio de Janeiro,Tablet,Cartão Crédito,0.09,0
143,2750.64,2025-03-27 22:03:21.201015,Curitiba,Desktop,PIX,0.31,0
144,1431.72,2025-06-05 04:18:39.051385,Tóquio,Mobile,Boleto,0.32,0
145,1341.0,2025-05-29 13:13:43.295749,Nova York,Mobile,PIX,0.27,0
146,150.34,2025-04-28 20:14:18.565109,Nova York,Mobile,Boleto,0.24,0
147,3761.97,2025-06-02 02:57:39.182903,Tóquio,Desktop,Cartão Débito,0.39,0
148,2794.08,2025-03-11 12:52:21.406091,São Paulo,Desktop,Boleto,0.19,0
149,211.4,2025-01-30 16:59:05.302049,São Paulo,Mobile,Cartão Débito,0.01,0
150,1306.5,2025-06-17 12:05:55.038452,Curitiba,Mobile,Boleto,0.08,0
151,9555.44,2025-02-20 21:45:28.143673,Londres,Mobile,Cartão Crédito,0.49,1
152,1095.44,2025-05-17 01:07:58.392454,Rio de Janeiro,Desktop,PIX,0.25,0
153,626.12,2025-05-08 00:45:00.375044,São Paulo,Desktop,Cartão Crédito,0.23,0
154,2689.09,2025-01-10 00:54:36.683855,Nova York,Mobile,Boleto,0.36,0
155,16976.15,2025-06-09 12:54:32.113854,Curitiba,Mobile,Boleto,0.24,0
156,1108.58,2025-03-31 15:09:59.080576,Rio de Janeiro,Mobile,Boleto,0.05,0
157,4460.62,2025-02-17 09:47:59.826654,Curitiba,Tablet,Cartão Débito,0.15,0
158,5735.55,2025-06-05 10:32:11.379431,Rio de Janeiro,Mobile,PIX,0.13,0
159,1085.33,2025-04-03 06:46:13.066909,Rio de Janeiro,Desktop,PIX,0.11,0
160,5211.0,2025-01-10 08:21:51.679054,Tóquio,Desktop,Boleto,0.49,1
161,18395.287746588772,2025-04-02 04:08:38.302016,São Paulo,Mobile,Boleto,0.4,0
162,4002.01,2025-02-10 21:56:26.441172,Curitiba,Mobile,Cartão Débito,0.13,0
163,4015.35,2025-03-23 15:07:28.733602,Curitiba,Mobile,Cartão Crédito,0.03,0
164,3069.54,2025-01-01 11:14:45.119605,Tóquio,Desktop,Cartão Crédito,0.47,1
165,378.52,2025-04-22 20:01:20.827499,Nova York,Desktop,PIX,0.42,0
166,7214.58,2025-04-22 03:12:15.682332,Nova York,Desktop,Cartão Débito,0.49,1
167,1547.24,2025-03-04 19:21:19.120752,São Paulo,Mobile,Boleto,0.16,0
168,825.73,2025-04-06 20:50:13.610405,São Paulo,Mobile,PIX,0.16,0
169,166.52,2025-04-21 18:01:20.717133,Londres,Tablet,Cartão Débito,0.3,0
170,3575.11,2025-04-07 00:55:22.728295,Tóquio,Desktop,Cartão Crédito,0.35,0
171,4527.41,2025-01-23 18:39:42.278189,Nova York,Mobile,Cartão Débito,0.36,0
172,66.91,2025-02-14 00:45:16.011890,Rio de Janeiro,Tablet,Cartão Crédito,0.12,0
173,2870.52,2025-01-03 21:14:14.662758,Curitiba,Desktop,Cartão Débito,0.26,0
174,1027.3,2025-02-26 02:46:59.293800,São Paulo,Mobile,PIX,0.04,0
175,4144.5,2025-02-21 18:11:37.836628,Curitiba,Desktop,Cartão Crédito,0.16,0
176,766.42,2025-05-15 00:15:14.805707,Curitiba,Desktop,PIX,0.28,0
177,4696.85,2025-03-29 22:36:29.074426,Londres,Desktop,PIX,0.47,1
178,1955.83,2025-02-08 01:36:31.256372,Nova York,Mobile,Cartão Crédito,0.39,0
179,11041.38,2025-05-01 18:48:34.822066,São Paulo,Mobile,Cartão Crédito,0.36,0
180,591.78,2025-04-03 09:48:10.518097,Curitiba,Tablet,Boleto,0.12,0
181,1668.53,2025-06-17 08:13:27.378463,São Paulo,Mobile,Boleto,0.14,0
182,481.78,2025-01-26 14:57:38.830669,Rio de Janeiro,Mobile,Boleto,0.18,0
183,10344.76,2025-03-21 22:50:39.363816,Londres,Mobile,PIX,0.52,1
184,8393.33,2025-04-11 14:07:54.045931,Rio de Janeiro,Mobile,PIX,0.32,0
185,1193.31,2025-05-03 12:00:27.939964,São Paulo,Desktop,Boleto,0.14,0
186,4315.05,2025-04-16 16:30:08.373947,São Paulo,Tablet,PIX,0.12,0
187,6797.94,2025-03-28 04:33:40.172709,Nova York,Mobile,PIX,0.38,0
188,3240.53,2025-01-08 14:53:32.602590,Curitiba,Mobile,Cartão Crédito,0.07,0
189,3017.12,2025-01-19 15:17:14.268184,Curitiba,Mobile,Cartão Crédito,0.06,0
190,1107.51,2025-02-06 07:07:44.020324,Rio de Janeiro,Desktop,PIX,0.17,0
191,390.9,2025-06-12 22:04:17.118408,Londres,Desktop,Boleto,0.35,0
192,9100.49,2025-05-25 10:36:43.171230,Tóquio,Mobile,Cartão Débito,0.44,0
193,9227.1,2025-03-20 19:18:04.756372,Curitiba,Desktop,Boleto,0.38,0
194,4010.68,2025-01-01 22:54:38.013663,Nova York,Desktop,Cartão Débito,0.5,1
195,1656.19,2025-04-05 23:24:20.695416,Rio de Janeiro,Desktop,Boleto,0.21,0
196,1718.27,2025-04-21 14:54:30.042473,Rio de Janeiro,Tablet,Cartão Crédito,0.05,0
197,5177.86,2025-02-18 09:08:00.276108,Tóquio,Mobile,PIX,0.24,0
198,9096.39,2025-03-07 07:41:56.905435,Nova York,Desktop,PIX,0.64,1
199,8724.53,2025-01-06 14:41:24.393304,Londres,Mobile,Cartão Crédito,0.47,1
200,6054.25,2025-02-21 14:46:54.260199,Nova York,Desktop,Cartão Débito,0.49,1
201,4109.24,2025-05-05 14:54:36.485264,Londres,Desktop,Cartão Débito,0.45,0
202,351.57,2025-01-05 18:42:34.527871,Nova York,Desktop,Cartão Débito,0.46,0
203,705.18,2025-06-05 23:12:07.740797,Nova York,Desktop,Cartão Crédito,0.36,0
204,9152.92,2025-03-30 11:54:36.060606,São Paulo,Mobile,Cartão Débito,0.33,0
205,3729.98,2025-05-28 05:23:39.132771,Rio de Janeiro,Mobile,Cartão Crédito,0.07,0
206,36.96,2025-02-28 05:58:43.272252,Nova York,Tablet,Boleto,0.39,0
207,427.99,2025-04-22 20:11:24.123077,Tóquio,Tablet,Boleto,0.33,0
208,4356.65,2025-04-13 05:22:05.699319,Nova York,Mobile,Cartão Crédito,0.29,0
209,20.3,2025-03-11 08:58:23.234875,Curitiba,Mobile,PIX,0.05,0
210,701.26,2025-04-28 19:45:33.875747,Rio de Janeiro,Mobile,Boleto,0.04,0
211,3182.79,2025-01-21 10:19:08.380699,Curitiba,Desktop,Cartão Débito,0.25,0
212,4709.26,2025-02-23 14:42:20.964559,Rio de Janeiro,Desktop,Cartão Crédito,0.17,0
213,4221.77,2025-01-05 13:30:06.703195,Curitiba,Mobile,Cartão Débito,0.14,0
214,1015.8,2025-06-09 17:06:00.702903,Nova York,Mobile,Cartão Débito,0.26,0
215,4981.67,2025-02-02 22:46:21.499141,Nova York,Desktop,PIX,0.46,0
216,1083.3,2025-04-17 16:59:27.415310,São Paulo,Desktop,Cartão Débito,0.27,0
217,1574.54,2025-03-21 02:56:02.448847,Tóquio,Mobile,PIX,0.36,0
218,5489.43,2025-02-16 19:49:44.956865,Curitiba,Mobile,Boleto,0.18,0
219,4195.1,2025-01-22 10:48:41.327488,Londres,Mobile,Cartão Crédito,0.26,0
220,7567.82,2025-06-06 00:10:32.592603,São Paulo,Mobile,Cartão Débito,0.06,0
221,4287.25,2025-03-16 05:24:04.728747,Curitiba,Mobile,Cartão Crédito,0.16,0
222,3360.18,2025-04-08 22:40:36.059242,Curitiba,Desktop,Cartão Débito,0.19,0
223,393.43,2025-03-10 18:22:57.359911,São Paulo,Desktop,Cartão Crédito,0.19,0
224,1833.67,2025-02-10 03:45:39.783493,Nova York,Desktop,Cartão Débito,0.32,0
225,1232.64,2025-05-21 09:10:21.760663,Curitiba,Desktop,Cartão Débito,0.16,0
226,1118.8,2025-02-14 02:01:04.872134,Nova York,Mobile,Cartão Débito,0.21,0
227,14449.24,2025-01-15 17:09:06.198221,São Paulo,Mobile,Cartão Débito,0.4,0
228,1997.55,2025-03-07 18:06:35.479830,Nova York,Mobile,Cartão Débito,0.26,0
229,8904.22,2025-01-27 01:08:53.472368,Rio de Janeiro,Mobile,Cartão Débito,0.31,0
230,3989.34,2025-01-11 04:54:37.416161,Londres,Desktop,Cartão Débito,0.33,0
231,6335.3,2025-04-30 16:24:34.345318,Curitiba,Tablet,Cartão Débito,0.17,0
232,2793.74,2025-06-08 05:50:33.294704,Tóquio,Mobile,Cartão Débito,0.28,0
233,3440.62,2025-05-26 21:32:27.550905,Londres,Mobile,Cartão Crédito,0.4,0
234,2713.17,2025-05-03 22:32:06.450774,Nova York,Desktop,PIX,0.49,1
235,868.86,2025-01-21 22:54:01.162488,Curitiba,Mobile,Cartão Débito,0.07,0
236,5127.05,2025-03-27 16:54:05.471004,Nova York,Mobile,PIX,0.41,0
237,1318.31,2025-05-02 17:52:25.368861,Rio de Janeiro,Desktop,Cartão Débito,0.31,0
238,98.47,2025-05-31 04:06:06.679872,São Paulo,Desktop,Cartão Débito,0.27,0
239,4147.88,2025-03-31 04:22:29.460873,Curitiba,Mobile,Cartão Crédito,0.19,0
240,779.73,2025-05-20 11:52:49.610819,Rio de Janeiro,Mobile,Boleto,0.05,0
241,11284.33,2025-04-19 02:19:30.636360,Rio de Janeiro,Desktop,Boleto,0.42,0
242,12310.25,2025-06-05 02:17:55.998176,Curitiba,Mobile,Cartão Crédito,0.23,0
243,9854.04,2025-03-05 17:48:12.976963,Nova York,Mobile,PIX,0.42,0
244,1849.15,2025-02-16 06:14:41.372048,Tóquio,Desktop,Boleto,0.51,1
245,62.31,2025-05-14 03:04:07.727923,Rio de Janeiro,Mobile,Cartão Crédito,0.07,0
246,108727.442487721,2025-03-10 23:48:11.182404,Londres,Desktop,Cartão Crédito,1.0,1
247,2235.75,2025-01-17 15:43:55.027821,Rio de Janeiro,Mobile,Boleto,0.17,0
248,13603.37,2025-06-13 20:54:06.307655,Tóquio,Tablet,PIX,0.59,1
249,13254.94,2025-03-08 04:35:59.953278,Nova York,Mobile,Cartão Crédito,0.62,1
250,7669.55,2025-03-05 11:57:32.912300,Nova York,Mobile,Cartão Débito,0.29,0
251,9187.033384870134,2025-04-19 23:19:09.967937,Londres,Mobile,PIX,0.4,0
252,1945.17,2025-05-26 23:53:23.579391,Rio de Janeiro,Mobile,PIX,0.09,0
253,7618.91,2025-04-03 08:49:29.600712,Nova York,Desktop,Boleto,0.36,0
254,1524.58,2025-01-03 13:32:51.313211,Tóquio,Tablet,Boleto,0.21,0
255,742.87,2025-03-09 03:58:59.762135,Curitiba,Mobile,Cartão Débito,0.08,0
256,3254.95,2025-05-11 20:29:51.202306,São Paulo,Mobile,Cartão Crédito,0.17,0
257,11005.17,2025-03-27 14:54:55.553688,São Paulo,Desktop,Boleto,0.42,0
258,4763.3,2025-02-24 12:06:58.558284,São Paulo,Desktop,Boleto,0.19,0
259,3376.45,2025-02-09 01:55:07.272100,Rio de Janeiro,Mobile,PIX,0.15,0
260,408.91,2025-04-04 21:06:12.081094,Londres,Mobile,Boleto,0.25,0
261,3818.12,2025-03-22 20:20:07.863367,Nova York,Mobile,Boleto,0.22,0
262,18442.28,2025-04-04 19:17:56.306893,Curitiba,Desktop,Boleto,0.5,1
263,603.68,2025-01-28 20:10:55.154922,Tóquio,Mobile,Boleto,0.33,0
264,2921.98,2025-05-16 15:16:08.953769,Curitiba,Desktop,PIX,0.27,0
265,8394.43,2025-04-23 00:47:54.752717,Tóquio,Mobile,Cartão Débito,0.4,0
266,5400.14,2025-03-30 17:25:05.739687,Rio de Janeiro,Desktop,Cartão Débito,0.29,0
267,4776.3,2025-02-20 05:49:47.619153,São Paulo,Mobile,Cartão Crédito,0.15,0
268,4849.15,2025-05-02 16:27:44.197850,Rio de Janeiro,Mobile,Boleto,0.14,0
269,1781.97,2025-04-06 20:47:40.211357,Londres,Mobile,PIX,0.33,0
270,1390.25,2025-01-05 22:18:45.132511,Londres,Desktop,Cartão Crédito,0.48,1
271,6629.5,2025-02-15 10:02:51.286726,Tóquio,Mobile,Cartão Crédito,0.35,0
272,6645.31,2025-04-10 12:46:31.022248,Nova York,Mobile,Cartão Débito,0.35,0
273,8071.8,2025-06-06 22:05:27.782543,Nova York,Mobile,PIX,0.44,0
274,9778.46,2025-05-06 22:14:47.407847,Tóquio,Mobile,PIX,0.55,1
275,2864.37,2025-02-09 09:58:11.735312,Londres,Desktop,PIX,0.4,0
276,2784.74,2025-02-25 08:01:53.625140,Londres,Desktop,Cartão Débito,0.46,0
277,6403.8,2025-03-19 21:15:25.091371,Londres,Desktop,Cartão Débito,0.41,0
278,4198.88,2025-02-15 05:34:52.952233,Rio de Janeiro,Mobile,Cartão Débito,0.07,0
279,4842.2,2025-03-24 21:33:04.363125,Londres,Desktop,Cartão Débito,0.44,0
280,6354.48,2025-05-05 07:57:39.981888,Curitiba,Mobile,Cartão Débito,0.22,0
281,8829.29,2025-04-13 23:18:27.130702,São Paulo,Mobile,Boleto,0.38,0
282,1649.93,2025-03-20 16:55:49.587393,Londres,Mobile,Boleto,0.28,0
283,1883.75,2025-02-17 04:22:33.409849,Tóquio,Mobile,PIX,0.32,0
284,394.78,2025-02-22 12:54:10.137842,São Paulo,Desktop,Cartão Crédito,0.14,0
285,3453.66,2025-06-14 10:42:10.773943,Rio de Janeiro,Desktop,PIX,0.32,0
286,146.42,2025-05-10 02:01:30.297180,Tóquio,Desktop,Cartão Crédito,0.5,1
287,2506.43,2025-02-02 07:40:12.433022,São Paulo,Mobile,Cartão Débito,0.14,0
288,3129.18,2025-04-02 22:19:10.508885,Tóquio,Mobile,Cartão Crédito,0.38,0
289,1350.52,2025-04-22 10:13:44.357560,Rio de Janeiro,Mobile,PIX,0.15,0
290,3574.53,2025-04-01 05:24:23.500347,Curitiba,Mobile,PIX,0.14,0
291,123.9,2025-05-14 01:36:09.074693,Rio de Janeiro,Mobile,Cartão Crédito,0.01,0
292,152.25,2025-05-21 21:17:15.792322,Rio de Janeiro,Mobile,Boleto,0.09,0
293,6917.41,2025-02-08 18:06:04.845955,Tóquio,Mobile,Cartão Débito,0.37,0
294,1786.34,2025-05-04 11:09:57.727416,Nova York,Mobile,Cartão Débito,0.34,0
295,543.56,2025-03-13 22:43:00.132392,Londres,Desktop,PIX,0.38,0
296,2954.61,2025-05-09 21:13:15.688027,Londres,Tablet,Boleto,0.4,0
297,5878.59,2025-04-28 23:00:39.306860,Curitiba,Tablet,Cartão Crédito,0.06,0
298,972.47,2025-04-23 06:13:44.611857,Curitiba,Desktop,Cartão Débito,0.2,0
299,3900.88,2025-05-13 20:54:38.277157,Londres,Mobile,Boleto,0.36,0
300,356.84,2025-03-10 23:58:17.522215,Nova York,Desktop,Cartão Débito,0.44,0
301,212.26,2025-03-26 05:04:45.365775,Londres,Desktop,Boleto,0.43,0
302,3031.64,2025-06-01 09:03:08.646453,Nova York,Mobile,Boleto,0.27,0
303,3111.64,2025-02-27 10:46:02.202777,Curitiba,Mobile,PIX,0.05,0
304,4058.15,2025-03-22 10:37:34.058838,São Paulo,Desktop,Cartão Débito,0.25,0
305,5179.84,2025-01-31 14:10:15.413335,Tóquio,Mobile,Cartão Crédito,0.35,0
306,14894.23,2025-03-28 12:53:40.347919,Curitiba,Mobile,PIX,0.26,0
307,2905.16,2025-04-26 21:37:52.470039,Curitiba,Mobile,PIX,0.16,0
308,1560.08,2025-04-17 07:18:53.894646,Rio de Janeiro,Mobile,Cartão Crédito,0.1,0
309,6342.62,2025-03-02 09:45:28.795795,Rio de Janeiro,Mobile,PIX,0.17,0
310,1263.41,2025-05-06 15:33:41.822384,Rio de Janeiro,Mobile,Boleto,0.17,0
311,2311.93,2025-05-17 22:35:15.468415,Tóquio,Mobile,Boleto,0.25,0
312,326.82,2025-01-30 12:33:18.153115,Rio de Janeiro,Mobile,Cartão Débito,0.01,0
313,102.71,2025-05-05 20:08:11.026744,Nova York,Desktop,Cartão Débito,0.46,0
314,13149.52,2025-05-07 07:54:48.626193,Londres,Mobile,Cartão Crédito,0.54,1
315,7231.07,2025-02-24 05:06:03.782613,São Paulo,Mobile,Cartão Débito,0.18,0
316,4762.57,2025-01-18 23:40:29.750286,Curitiba,Mobile,Boleto,0.19,0
317,2103.44,2025-05-06 17:16:32.391506,Nova York,Tablet,Cartão Crédito,0.37,0
318,761.23,2025-02-03 21:49:24.703813,São Paulo,Mobile,Cartão Crédito,0.2,0
319,680.48,2025-01-20 23:15:58.291633,Nova York,Mobile,Cartão Débito,0.31,0
320,1152.02,2025-04-14 18:30:23.092731,Nova York,Desktop,Boleto,0.4,0
321,3187.16,2025-01-01 01:23:37.611603,Curitiba,Desktop,Cartão Crédito,0.2,0
322,5015.4,2025-02-15 03:02:42.550227,Londres,Mobile,Boleto,0.26,0
323,4317.56,2025-06-06 22:40:02.899622,Rio de Janeiro,Desktop,Boleto,0.24,0
324,1313.65,2025-01-01 18:55:41.901710,Tóquio,Mobile,Boleto,0.26,0
325,91864.49370950426,2025-05-23 17:01:37.354079,Londres,Mobile,Cartão Débito,1.0,1
326,5356.07,2025-06-11 20:29:27.591444,Tóquio,Mobile,PIX,0.34,0
327,3232.92,2025-04-30 03:44:55.863776,Curitiba,Mobile,PIX,0.13,0
328,3784.12,2025-01-25 11:38:20.031967,Curitiba,Desktop,Cartão Crédito,0.19,0
329,2176.15,2025-02-15 16:01:20.942449,Curitiba,Mobile,Boleto,0.02,0
330,1138.65,2025-02-15 01:20:35.513701,São Paulo,Mobile,Cartão Débito,0.01,0
331,1760.06,2025-02-19 09:16:08.755703,Tóquio,Desktop,Boleto,0.39,0
332,5672.73,2025-02-28 00:50:57.950202,Londres,Desktop,Boleto,0.35,0
333,57.99,2025-01-04 15:54:57.974013,Londres,Mobile,Cartão Débito,0.32,0
334,493.52,2025-06-12 23:50:45.956111,Nova York,Desktop,PIX,0.48,1
335,188.38,2025-03-06 06:21:19.116360,Nova York,Mobile,Boleto,0.38,0
336,166.33,2025-03-07 08:18:39.677065,Nova York,Desktop,Boleto,0.43,0
337,7736.81,2025-06-07 07:10:15.393229,Curitiba,Desktop,PIX,0.18,0
338,4864.96,2025-01-17 00:18:40.582222,Londres,Tablet,Cartão Débito,0.4,0
339,2571.14,2025-04-30 19:30:58.152593,Tóquio,Mobile,Cartão Crédito,0.39,0
340,411.83,2025-03-30 19:42:55.949558,Curitiba,Mobile,PIX,0.04,0
341,2706.07,2025-01-13 08:06:22.852919,São Paulo,Mobile,Cartão Crédito,0.16,0
342,2565.8,2025-04-16 16:22:47.668946,Nova York,Mobile,Cartão Crédito,0.27,0
343,760.78,2025-01-13 02:06:16.738713,Curitiba,Mobile,PIX,0.16,0
344,2275.6,2025-05-22 06:36:00.422462,Curitiba,Tablet,Boleto,0.21,0
345,2033.35,2025-03-04 21:49:12.386853,São Paulo,Mobile,Cartão Crédito,0.02,0
346,3826.89,2025-01-29 20:49:30.309891,Rio de Janeiro,Mobile,Cartão Crédito,0.2,0
347,4032.46,2025-01-03 18:40:03.437436,Londres,Desktop,Cartão Débito,0.44,0
348,185.45,2025-05-04 22:11:46.239144,Tóquio,Mobile,Boleto,0.4,0
349,1877.54,2025-01-18 07:35:27.426499,Rio de Janeiro,Desktop,Cartão Crédito,0.2,0
350,3932.5,2025-04-13 05:51:42.220257,Nova York,Mobile,Cartão Débito,0.39,0
351,2797.76,2025-03-07 15:40:04.152829,Curitiba,Mobile,Boleto,0.03,0
352,7765.4,2025-03-26 10:38:57.359414,São Paulo,Mobile,PIX,0.11,0
353,4299.9,2025-02-02 21:29:42.033705,São Paulo,Mobile,PIX,0.04,0
354,711.41,2025-03-06 19:15:29.200631,Londres,Tablet,Cartão Débito,0.4,0
355,292.73,2025-02-14 12:33:12.605852,Rio de Janeiro,Mobile,PIX,0.16,0
356,4113.58,2025-03-29 11:09:08.113907,Londres,Mobile,Cartão Crédito,0.39,0
357,107.48,2025-04-21 22:47:40.375365,Curitiba,Mobile,Boleto,0.19,0
358,3525.39,2025-01-05 04:26:51.712411,Londres,Mobile,Cartão Crédito,0.23,0
359,11269.02,2025-06-07 11:52:28.356620,Tóquio,Desktop,Cartão Crédito,0.58,1
360,3427.13,2025-03-14 07:04:52.360116,São Paulo,Mobile,PIX,0.03,0
361,1965.2,2025-03-25 00:14:19.066547,São Paulo,Desktop,Cartão Crédito,0.15,0
362,4123.31,2025-05-30 13:15:21.721655,Nova York,Tablet,PIX,0.27,0
363,2451.82,2025-01-18 11:21:01.264008,Nova York,Mobile,Boleto,0.31,0
364,3155.26,2025-04-22 01:41:22.969028,Curitiba,Tablet,Boleto,0.07,0
365,11352.51,2025-04-04 07:45:21.907453,Tóquio,Mobile,Cartão Crédito,0.43,0
366,18605.71109879471,2025-04-22 02:49:58.724795,Rio de Janeiro,Mobile,Cartão Débito,0.28,0
367,12996.37,2025-06-08 10:47:10.440489,Londres,Mobile,PIX,0.44,0
368,9430.3,2025-04-18 10:16:35.570701,Curitiba,Desktop,PIX,0.49,1
369,871.59,2025-05-23 22:07:11.612060,Nova York,Tablet,Cartão Crédito,0.36,0
370,287.54,2025-05-15 19:57:11.700216,Londres,Mobile,PIX,0.39,0
371,424.9,2025-02-18 19:32:50.338152,Nova York,Desktop,PIX,0.39,0
372,73.56,2025-03-28 15:28:10.896122,Londres,Mobile,Cartão Débito,0.26,0
373,396.82,2025-06-04 21:49:13.286962,Rio de Janeiro,Mobile,Cartão Débito,0.16,0
374,4595.5,2025-05-30 23:01:11.528888,Curitiba,Mobile,Cartão Crédito,0.09,0
375,295.4,2025-04-06 12:14:21.408959,Londres,Tablet,Cartão Débito,0.26,0
376,1536.63,2025-04-26 08:21:16.223820,Tóquio,Desktop,Cartão Crédito,0.35,0
377,7454.1,2025-02-01 10:17:28.000039,São Paulo,Mobile,Boleto,0.06,0
378,94.19,2025-02-27 01:39:08.414937,Tóquio,Mobile,Cartão Crédito,0.25,0
379,6738.12,2025-02-20 05:22:32.087283,Tóquio,Mobile,Boleto,0.3,0
380,1324.33,2025-06-16 19:49:48.121320,São Paulo,Mobile,Cartão Crédito,0.14,0
381,503.0,2025-01-20 15:32:08.136757,Tóquio,Mobile,PIX,0.22,0
382,4772.62,2025-05-25 22:30:20.338869,Londres,Desktop,Cartão Débito,0.37,0
383,3965.6,2025-02-25 04:57:26.499444,Londres,Mobile,Boleto,0.38,0
384,8397.66,2025-01-21 05:09:51.259734,Londres,Mobile,Cartão Crédito,0.42,0
385,5313.17,2025-02-10 08:25:29.335645,São Paulo,Mobile,Cartão Débito,0.1,0
386,6507.98,2025-05-05 13:49:07.693267,Tóquio,Desktop,Cartão Crédito,0.51,1
387,1325.34,2025-06-09 20:32:11.631572,São Paulo,Desktop,Cartão Débito,0.14,0
388,781.33,2025-02-16 15:53:56.331798,Londres,Mobile,Cartão Débito,0.22,0
389,5555.03,2025-01-06 12:23:28.183554,Tóquio,Desktop,Cartão Crédito,0.42,0
390,6576.84,2025-01-24 18:39:16.369043,Tóquio,Mobile,Boleto,0.29,0
391,18628.02,2025-01-12 01:36:53.006418,Nova York,Mobile,Boleto,0.56,1
392,2128.32,2025-05-12 21:44:09.527808,Nova York,Mobile,PIX,0.37,0
393,1860.98,2025-03-10 09:19:57.940896,Rio de Janeiro,Mobile,Cartão Débito,0.04,0
394,5991.82,2025-05-19 09:57:30.355583,Curitiba,Mobile,PIX,0.15,0
395,1666.93,2025-01-06 18:06:40.979991,Nova York,Tablet,PIX,0.31,0
396,10680.55,2025-04-30 14:42:37.518215,São Paulo,Desktop,Cartão Crédito,0.33,0
397,7819.36,2025-01-07 12:36:21.905190,Nova York,Desktop,Cartão Crédito,0.46,0
398,2241.42,2025-05-19 01:07:43.278491,Rio de Janeiro,Mobile,Cartão Crédito,0.07,0
399,5559.14,2025-05-17 10:59:27.230802,Tóquio,Mobile,Cartão Débito,0.33,0
400,5618.53,2025-05-22 14:32:25.191771,Rio de Janeiro,Desktop,Cartão Crédito,0.14,0
401,435.35,2025-04-07 15:48:18.630206,Tóquio,Mobile,Cartão Crédito,0.29,0
402,9313.78,2025-03-22 16:21:25.355219,Tóquio,Mobile,Cartão Débito,0.46,0
403,2814.83,2025-02-14 11:08:58.527420,Curitiba,Mobile,Cartão Débito,0.18,0
404,7005.33,2025-02-16 19:23:25.900321,Nova York,Desktop,Boleto,0.35,0
405,1542.94,2025-01-04 13:54:12.014189,São Paulo,Mobile,Cartão Crédito,0.09,0
406,9035.16,2025-05-07 03:24:57.788374,São Paulo,Mobile,Cartão Crédito,0.29,0
407,1971.95,2025-04-15 05:57:38.295227,Londres,Desktop,Cartão Crédito,0.45,0
408,43.59,2025-02-07 09:43:47.180142,Tóquio,Mobile,Boleto,0.32,0
409,9431.63,2025-05-13 03:58:10.096215,São Paulo,Mobile,Cartão Crédito,0.33,0
410,382.9,2025-03-18 13:32:01.637537,Curitiba,Mobile,Boleto,0.16,0
411,1538.61,2025-02-19 09:34:08.865311,Tóquio,Mobile,PIX,0.38,0
412,11987.89,2025-01-27 08:19:36.179898,Curitiba,Desktop,Boleto,0.37,0
413,108452.52509215985,2025-04-14 22:17:05.481149,São Paulo,Mobile,PIX,0.8,1
414,3407.99,2025-02-07 15:05:15.224542,São Paulo,Mobile,Cartão Crédito,0.19,0
415,3996.92,2025-05-28 04:05:58.658327,Londres,Desktop,PIX,0.52,1
416,2380.06,2025-06-06 18:21:56.526631,São Paulo,Desktop,Boleto,0.29,0
417,1388.09,2025-01-11 12:38:54.304065,Tóquio,Desktop,Cartão Débito,0.38,0
418,1593.95,2025-04-02 10:48:23.676220,Tóquio,Mobile,PIX,0.25,0
419,4465.29,2025-03-22 05:32:36.292040,Tóquio,Mobile,PIX,0.32,0
420,5583.35,2025-05-16 16:16:50.255089,Londres,Tablet,Cartão Crédito,0.38,0
421,6272.78,2025-01-23 21:42:23.252524,Londres,Desktop,Boleto,0.43,0
422,6235.32,2025-05-28 09:19:29.025731,São Paulo,Mobile,PIX,0.13,0
423,382.55,2025-03-26 20:19:54.551169,Rio de Janeiro,Mobile,PIX,0.17,0
424,2728.2,2025-01-24 18:40:03.372642,Rio de Janeiro,Mobile,PIX,0.09,0
425,237.13,2025-05-23 01:05:46.971446,Londres,Tablet,PIX,0.37,0
426,3189.85,2025-04-03 13:10:29.104274,São Paulo,Mobile,Cartão Débito,0.1,0
427,2330.22,2025-05-24 21:05:52.655035,Rio de Janeiro,Mobile,Boleto,0.08,0
428,8746.47,2025-01-23 02:06:28.063977,São Paulo,Mobile,Cartão Crédito,0.28,0
429,1728.77,2025-04-03 00:00:36.268417,São Paulo,Desktop,Cartão Crédito,0.26,0
430,498.02,2025-01-26 01:48:13.067940,São Paulo,Desktop,Cartão Débito,0.13,0
431,617.23,2025-04-24 22:57:36.615746,Nova York,Mobile,Boleto,0.24,0
432,5733.72,2025-05-19 04:54:57.227854,Tóquio,Desktop,PIX,0.52,1
433,3851.62,2025-05-24 03:28:51.718724,São Paulo,Tablet,Cartão Débito,0.05,0
434,426.43,2025-03-15 03:39:11.440562,Nova York,Mobile,Boleto,0.32,0
435,351.42,2025-06-15 05:16:22.767523,Londres,Mobile,PIX,0.32,0
436,4828.83,2025-05-30 22:58:23.867419,Rio de Janeiro,Mobile,Cartão Débito,0.12,0
437,302.18,2025-02-20 04:20:43.602820,Tóquio,Desktop,Boleto,0.43,0
438,6900.74,2025-03-28 07:00:48.286835,Rio de Janeiro,Mobile,Cartão Crédito,0.08,0
439,4900.0,2025-05-23 23:58:55.099649,Tóquio,Desktop,Cartão Crédito,0.44,0
440,339.4,2025-03-14 02:19:32.437439,Rio de Janeiro,Desktop,Boleto,0.18,0
441,354.62,2025-05-28 22:39:05.944485,Tóquio,Mobile,Cartão Crédito,0.33,0
442,17261.83,2025-04-16 14:06:59.985233,Rio de Janeiro,Tablet,Boleto,0.27,0
443,1875.35,2025-04-22 19:02:26.045840,Rio de Janeiro,Mobile,PIX,0.12,0
444,1852.22,2025-04-12 06:31:41.935774,Rio de Janeiro,Mobile,Boleto,0.05,0
445,6702.3,2025-05-04 09:49:33.763742,Rio de Janeiro,Desktop,PIX,0.19,0
446,11768.66,2025-04-21 16:36:22.294065,Londres,Desktop,Cartão Débito,0.55,1
447,17075.1,2025-05-31 19:22:30.592967,São Paulo,Mobile,Boleto,0.27,0
448,5599.6,2025-05-17 16:44:46.565387,Curitiba,Desktop,Cartão Débito,0.29,0
449,1888.08,2025-02-26 12:03:45.716314,Nova York,Tablet,Cartão Crédito,0.27,0
450,348.78,2025-02-22 01:10:55.283830,Curitiba,Mobile,PIX,0.19,0
451,6004.97,2025-05-19 04:47:27.444539,Curitiba,Tablet,Boleto,0.22,0
452,3269.44,2025-03-24 17:18:45.834989,Tóquio,Mobile,Cartão Débito,0.33,0
453,2208.13,2025-05-01 11:26:41.685289,São Paulo,Mobile,PIX,0.04,0
454,9472.95,2025-01-06 10:48:55.165172,Tóquio,Mobile,PIX,0.47,1
455,471.52,2025-01-02 10:32:52.037836,São Paulo,Desktop,Cartão Crédito,0.26,0
456,2714.02,2025-04-03 11:45:58.707703,São Paulo,Desktop,Cartão Crédito,0.19,0
457,45.67,2025-05-21 12:51:13.376441,Rio de Janeiro,Mobile,PIX,0.02,0
458,2529.42,2025-02-24 16:36:23.354194,Londres,Mobile,PIX,0.32,0
459,231.8,2025-06-07 00:04:52.486942,Rio de Janeiro,Desktop,Boleto,0.27,0
460,505.96,2025-04-15 05:20:06.102843,Londres,Mobile,PIX,0.36,0
461,500.1,2025-04-14 14:23:48.671566,Tóquio,Desktop,Boleto,0.34,0
462,4190.27,2025-06-01 00:22:38.039752,Londres,Desktop,PIX,0.46,0
463,5482.39,2025-04-11 18:16:31.421329,Tóquio,Mobile,Cartão Crédito,0.27,0
464,3502.22,2025-04-13 19:03:32.606481,Curitiba,Tablet,Boleto,0.06,0
465,13098.88,2025-03-11 03:20:32.645988,Curitiba,Mobile,Cartão Débito,0.39,0
466,1879.19,2025-04-07 00:49:02.916757,Londres,Tablet,Cartão Crédito,0.26,0
467,1345.88,2025-01-28 06:32:44.700145,Londres,Desktop,Boleto,0.36,0
468,8118.01,2025-04-03 11:12:03.839926,Tóquio,Desktop,Boleto,0.34,0
469,1012.33,2025-03-09 08:51:03.357381,Rio de Janeiro,Mobile,Cartão Débito,0.18,0
470,13211.48,2025-04-18 08:13:34.691783,Tóquio,Desktop,Boleto,0.68,1
471,48.92,2025-06-05 21:52:40.049062,Rio de Janeiro,Mobile,PIX,0.13,0
472,14010.11,2025-04-14 13:46:07.131396,Curitiba,Mobile,Cartão Débito,0.37,0
473,176.48,2025-03-27 02:51:45.813726,São Paulo,Mobile,Cartão Crédito,0.03,0
474,8870.88,2025-04-03 00:24:34.273386,Londres,Mobile,Cartão Crédito,0.49,1
475,3000.57,2025-03-26 04:35:43.355399,Rio de Janeiro,Mobile,PIX,0.09,0
476,19827.31,2025-05-19 10:51:56.186044,Tóquio,Desktop,Cartão Crédito,0.57,1
477,306.65,2025-04-05 17:15:27.916918,Curitiba,Desktop,Boleto,0.2,0
478,3228.44,2025-03-22 23:55:10.130401,Rio de Janeiro,Mobile,Boleto,0.2,0
479,13934.3,2025-05-17 04:02:04.623352,Tóquio,Desktop,PIX,0.53,1
480,2961.78,2025-03-16 15:06:50.669517,Londres,Mobile,Cartão Crédito,0.27,0
481,3970.51,2025-02-02 16:10:59.503141,Londres,Desktop,Cartão Crédito,0.36,0
482,4759.6,2025-03-07 02:37:16.752566,Nova York,Desktop,PIX,0.37,0
483,2424.51,2025-03-09 15:17:43.080072,São Paulo,Mobile,Cartão Débito,0.19,0
484,3950.7,2025-03-28 09:27:34.620533,Nova York,Desktop,Cartão Crédito,0.41,0
485,3511.3,2025-06-03 12:29:04.828648,Curitiba,Mobile,Cartão Débito,0.11,0
486,9256.93,2025-04-04 14:37:29.752492,Rio de Janeiro,Mobile,Cartão Crédito,0.35,0
487,186.05,2025-02-11 08:03:23.468088,Curitiba,Desktop,Cartão Crédito,0.13,0
488,13670.778218545815,2025-01-31 11:48:28.604547,Tóquio,Mobile,Cartão Crédito,0.52,1
489,12015.98,2025-02-06 04:04:58.259294,Londres,Mobile,Cartão Crédito,0.5,1
490,8838.7,2025-05-29 14:50:58.007042,Nova York,Mobile,Boleto,0.51,1
491,2432.7,2025-02-26 23:02:11.566551,Nova York,Desktop,Cartão Débito,0.51,1
492,3871.73,2025-06-12 12:29:40.042328,Nova York,Mobile,Cartão Débito,0.37,0
493,1299.49,2025-03-11 11:20:52.760891,Curitiba,Mobile,Cartão Crédito,0.09,0
494,833.62,2025-05-23 06:45:57.493331,Londres,Desktop,Cartão Crédito,0.47,1
495,25121.515237776654,2025-01-03 07:41:30.851427,Rio de Janeiro,Desktop,Cartão Débito,0.41,0
496,1743.81,2025-02-13 07:03:26.206398,Tóquio,Mobile,Boleto,0.21,0
497,3504.97,2025-06-07 22:14:31.476416,Rio de Janeiro,Mobile,PIX,0.06,0
498,323.69,2025-05-04 09:46:34.961142,Curitiba,Mobile,PIX,0.07,0
499,14659.84,2025-03-13 23:28:35.489824,Tóquio,Mobile,Cartão Débito,0.53,1
500,17135.46,2025-05-05 01:01:35.280806,Nova York,Mobile,Cartão Crédito,0.56,1
501,4791.46,2025-03-08 03:54:52.857219,São Paulo,Desktop,Cartão Crédito,0.31,0
502,22612.66844299467,2025-03-17 00:09:00.436718,Curitiba,Desktop,Boleto,0.47,1
503,1481.52,2025-01-17 02:56:13.202774,Curitiba,Desktop,PIX,0.21,0
504,6723.63,2025-04-12 20:55:20.618744,Londres,Mobile,Boleto,0.24,0
505,4617.32,2025-03-08 20:53:11.416994,Rio de Janeiro,Desktop,PIX,0.13,0
506,709.89,2025-05-22 19:19:28.552638,Curitiba,Mobile,Cartão Débito,0.11,0
507,9673.2,2025-05-30 06:52:42.293065,Curitiba,Tablet,PIX,0.29,0
508,6915.98,2025-04-27 04:53:03.238402,Nova York,Desktop,Boleto,0.5,1
509,11966.95,2025-04-20 07:41:46.015665,Nova York,Mobile,Boleto,0.44,0
510,5174.42,2025-05-17 11:34:28.138645,Tóquio,Desktop,Boleto,0.33,0
511,3801.62,2025-03-28 09:49:26.997922,São Paulo,Mobile,Cartão Débito,0.11,0
512,2166.81,2025-01-03 15:28:57.102143,Londres,Desktop,PIX,0.36,0
513,10796.07,2025-02-20 03:35:29.380033,São Paulo,Mobile,PIX,0.21,0
514,8041.57,2025-06-07 08:15:22.945263,Tóquio,Mobile,Boleto,0.39,0
515,185.09,2025-03-02 01:22:34.631668,Nova York,Desktop,PIX,0.32,0
516,106.88,2025-01-12 18:49:23.422715,Rio de Janeiro,Mobile,Cartão Crédito,0.12,0
517,1889.39,2025-05-04 20:18:03.998221,Nova York,Desktop,Cartão Crédito,0.37,0
518,6654.59,2025-03-10 20:10:04.249856,Londres,Mobile,Cartão Crédito,0.27,0
519,17457.1,2025-04-15 04:53:37.732531,Nova York,Desktop,PIX,0.61,1
520,652.04,2025-04-06 17:17:27.557343,Londres,Desktop,Cartão Débito,0.46,0
521,3606.9,2025-05-01 01:53:17.446007,Londres,Mobile,Cartão Débito,0.3,0
522,1917.89,2025-06-17 19:23:26.068175,Londres,Mobile,Cartão Débito,0.36,0
523,14014.83,2025-04-14 03:59:59.826674,Tóquio,Mobile,Cartão Débito,0.45,0
524,7383.65,2025-02-08 14:25:14.753392,Londres,Mobile,Cartão Crédito,0.39,0
525,7288.76,2025-05-12 11:48:14.491228,Londres,Mobile,Cartão Crédito,0.28,0
526,2529.66,2025-02-16 21:36:05.426930,Rio de Janeiro,Desktop,Boleto,0.25,0
527,2143.34,2025-04-27 01:39:11.911830,São Paulo,Tablet,PIX,0.12,0
528,1277.56,2025-05-16 23:31:07.242836,Curitiba,Desktop,PIX,0.29,0
529,232.11,2025-03-28 14:53:39.280474,São Paulo,Desktop,Cartão Débito,0.18,0
530,8001.7,2025-02-21 02:11:22.299490,Londres,Desktop,Cartão Crédito,0.35,0
531,6704.47,2025-01-23 09:17:54.656665,Rio de Janeiro,Desktop,Cartão Débito,0.14,0
532,32689.78,2025-04-16 22:16:25.511460,Nova York,Mobile,Boleto,0.68,1
533,22779.49,2025-02-01 03:54:29.453511,Rio de Janeiro,Tablet,PIX,0.37,0
534,3242.61,2025-02-09 01:07:20.323483,Londres,Desktop,PIX,0.47,1
535,5861.13,2025-01-28 08:11:59.632446,Rio de Janeiro,Mobile,Cartão Débito,0.08,0
536,11584.69,2025-02-25 12:25:50.290663,Rio de Janeiro,Mobile,Boleto,0.28,0
537,7579.09,2025-01-18 16:27:02.753697,Londres,Mobile,PIX,0.24,0
538,1136.61,2025-01-29 20:14:25.570222,Tóquio,Mobile,Boleto,0.4,0
539,2395.31,2025-04-08 05:39:48.253639,Rio de Janeiro,Desktop,Boleto,0.25,0
540,553.19,2025-01-07 04:15:11.592803,Curitiba,Mobile,Cartão Débito,0.19,0
541,12320.9,2025-04-23 18:35:32.953572,Curitiba,Mobile,Cartão Crédito,0.27,0
542,37610.20039580122,2025-01-09 13:19:33.391219,Rio de Janeiro,Tablet,Cartão Débito,0.46,0
543,1038.41,2025-04-03 03:22:43.776097,Tóquio,Mobile,Cartão Crédito,0.34,0
544,4455.32,2025-04-23 09:50:13.676791,Nova York,Mobile,Boleto,0.29,0
545,3850.68,2025-02-15 02:54:35.138778,Londres,Mobile,Cartão Crédito,0.39,0
546,1773.68,2025-01-22 22:33:25.039683,Curitiba,Desktop,Boleto,0.3,0
547,482.16,2025-06-10 06:16:45.575802,Nova York,Tablet,PIX,0.38,0
548,4453.77,2025-06-11 17:32:18.746970,Rio de Janeiro,Mobile,PIX,0.17,0
549,2938.44,2025-01-17 09:09:59.060727,Nova York,Desktop,PIX,0.37,0
550,5919.23,2025-02-20 05:39:02.299070,São Paulo,Mobile,Cartão Débito,0.09,0
551,2937.24,2025-05-02 14:17:12.782258,Curitiba,Tablet,Cartão Débito,0.21,0
552,7647.08,2025-04-13 10:18:31.982191,Rio de Janeiro,Desktop,Boleto,0.14,0
553,3211.02,2025-02-18 11:09:54.903300,Londres,Desktop,PIX,0.46,0
554,3292.46,2025-06-15 01:06:44.253278,Tóquio,Mobile,Cartão Débito,0.36,0
555,8371.03,2025-03-29 16:33:47.786774,Rio de Janeiro,Tablet,PIX,0.32,0
556,2066.59,2025-04-19 02:44:59.913980,Londres,Desktop,Cartão Débito,0.51,1
557,575.55,2025-05-15 04:17:16.450937,Tóquio,Mobile,Cartão Crédito,0.27,0
558,116.82,2025-03-09 22:21:53.841902,Tóquio,Desktop,Cartão Crédito,0.37,0
559,5628.23,2025-01-12 17:07:33.885007,Rio de Janeiro,Mobile,PIX,0.04,0
560,3873.6,2025-06-06 15:05:02.370389,Nova York,Desktop,Boleto,0.41,0
561,4870.66,2025-02-12 23:32:41.133668,Nova York,Mobile,Cartão Débito,0.28,0
562,957.93,2025-05-23 06:26:59.105450,Tóquio,Desktop,Cartão Débito,0.37,0
563,586.45,2025-06-04 18:29:47.823325,Nova York,Mobile,Cartão Crédito,0.37,0
564,58.61,2025-01-29 09:23:55.167140,São Paulo,Mobile,Cartão Crédito,0.19,0
565,1726.75,2025-06-03 08:59:41.905529,Tóquio,Mobile,Boleto,0.25,0
566,3565.59,2025-02-19 10:42:14.185350,Tóquio,Mobile,Boleto,0.29,0
567,1991.93,2025-03-01 18:06:09.798899,Londres,Mobile,Boleto,0.4,0
568,2301.28,2025-03-17 04:37:19.372083,Nova York,Mobile,PIX,0.22,0
569,9380.25,2025-05-06 05:42:20.380687,Tóquio,Mobile,Cartão Crédito,0.42,0
570,1712.41,2025-06-01 08:07:36.834240,São Paulo,Mobile,PIX,0.04,0
571,2886.1,2025-01-30 04:15:48.383625,Londres,Mobile,Cartão Crédito,0.33,0
572,6123.49,2025-02-14 23:21:18.624454,Rio de Janeiro,Desktop,Cartão Crédito,0.16,0
573,2020.32,2025-01-03 03:36:44.497779,Tóquio,Mobile,Cartão Débito,0.4,0
574,3892.36,2025-03-13 20:51:37.448422,São Paulo,Tablet,Cartão Crédito,0.11,0
575,7932.56,2025-06-03 23:33:15.999622,Curitiba,Desktop,Cartão Crédito,0.24,0
576,11944.76,2025-03-31 23:55:22.404664,São Paulo,Desktop,PIX,0.36,0
577,636.33,2025-03-12 10:38:53.371996,São Paulo,Mobile,Cartão Crédito,0.1,0
578,10446.65,2025-01-26 01:59:00.152558,Londres,Desktop,PIX,0.63,1
579,2710.01,2025-06-06 05:48:38.709650,Rio de Janeiro,Mobile,Boleto,0.16,0
580,1194.94,2025-06-10 09:11:51.083191,Curitiba,Mobile,Cartão Crédito,0.16,0
581,2458.35,2025-04-07 21:58:15.186908,Nova York,Mobile,Cartão Crédito,0.33,0
582,15654.61,2025-05-15 09:47:14.872166,Nova York,Desktop,PIX,0.71,1
583,2713.97,2025-03-26 16:58:20.497598,São Paulo,Mobile,Boleto,0.18,0
584,1594.46,2025-01-17 13:17:06.888157,Londres,Mobile,Cartão Débito,0.36,0
585,4013.95,2025-06-12 10:12:58.445727,Londres,Tablet,Boleto,0.23,0
586,1098.51,2025-01-02 04:36:49.356575,Nova York,Desktop,PIX,0.31,0
587,315.58,2025-06-06 21:32:45.884302,Curitiba,Mobile,Boleto,0.04,0
588,551.9,2025-04-23 13:27:52.213157,Rio de Janeiro,Mobile,PIX,0.14,0
589,548.07,2025-03-22 15:20:16.799529,Curitiba,Desktop,PIX,0.18,0
590,659.04,2025-04-02 12:11:40.060073,Tóquio,Mobile,Cartão Débito,0.28,0
591,597.84,2025-02-03 02:33:34.417523,Tóquio,Mobile,Cartão Crédito,0.38,0
592,4096.34,2025-01-28 18:03:55.413938,Rio de Janeiro,Mobile,PIX,0.2,0
593,8544.689273109798,2025-05-11 08:21:37.457689,Nova York,Tablet,PIX,0.57,1
594,1696.56,2025-05-12 16:22:01.832393,Rio de Janeiro,Desktop,Cartão Débito,0.17,0
595,9083.9,2025-04-28 07:22:42.213705,Londres,Desktop,PIX,0.63,1
596,2569.52,2025-05-01 10:52:15.935549,Tóquio,Desktop,Cartão Crédito,0.37,0
597,4405.16,2025-03-16 21:36:45.589320,São Paulo,Mobile,Cartão Débito,0.06,0
598,756.51,2025-04-22 00:55:51.498424,São Paulo,Mobile,Cartão Crédito,0.04,0
599,854.2,2025-03-24 13:09:41.958323,Nova York,Mobile,Cartão Crédito,0.27,0
600,166.91,2025-03-19 04:17:53.567475,Londres,Mobile,Cartão Débito,0.29,0
601,740.19,2025-02-24 00:41:38.123085,Curitiba,Mobile,PIX,0.17,0
602,1306.19,2025-02-02 02:21:29.316198,Londres,Desktop,Cartão Crédito,0.33,0
603,779.25,2025-03-09 06:44:57.546796,São Paulo,Desktop,Cartão Crédito,0.25,0
604,371.54,2025-02-08 00:56:34.300003,São Paulo,Desktop,Cartão Crédito,0.21,0
605,514.22,2025-03-30 17:07:54.829715,Tóquio,Mobile,Cartão Crédito,0.26,0
606,2470.52,2025-03-04 23:06:27.591708,Londres,Desktop,Cartão Débito,0.41,0
607,924.37,2025-02-09 03:18:07.194270,Londres,Desktop,Cartão Débito,0.36,0
608,1811.92,2025-01-15 02:45:14.053766,São Paulo,Mobile,Boleto,0.13,0
609,2800.02,2025-05-27 21:23:10.708465,Curitiba,Desktop,Boleto,0.2,0
610,4689.83,2025-02-16 05:29:49.944503,Nova York,Mobile,Cartão Crédito,0.26,0
611,160.42,2025-03-09 21:31:18.363724,Nova York,Mobile,PIX,0.22,0
612,6425.98,2025-05-09 09:08:55.462049,Londres,Mobile,Cartão Crédito,0.34,0
613,3954.37,2025-01-01 07:31:01.205654,Nova York,Mobile,PIX,0.4,0
614,341.18,2025-06-06 00:38:50.866201,São Paulo,Mobile,Cartão Crédito,0.07,0
615,8272.54,2025-03-08 05:13:43.723524,São Paulo,Desktop,Boleto,0.44,0
616,10146.77,2025-02-26 01:58:31.407485,Londres,Tablet,Boleto,0.53,1
617,252.09,2025-02-17 17:24:25.981669,Londres,Desktop,PIX,0.49,1
618,1296.71,2025-05-17 20:34:58.901979,Tóquio,Desktop,Cartão Crédito,0.47,1
619,6563.74,2025-02-12 22:13:37.096249,Londres,Mobile,PIX,0.35,0
620,5517.43,2025-01-23 14:34:07.015989,Curitiba,Desktop,Boleto,0.26,0
621,815.92,2025-04-10 13:18:09.902423,Nova York,Mobile,Cartão Crédito,0.38,0
622,939.6,2025-05-30 06:02:48.924182,Londres,Mobile,Cartão Crédito,0.28,0
623,1851.14,2025-01-23 22:44:23.779979,Rio de Janeiro,Mobile,PIX,0.07,0
624,2650.65,2025-03-31 13:38:13.096896,Tóquio,Mobile,Cartão Débito,0.22,0
625,3852.01,2025-02-23 02:32:46.838538,Rio de Janeiro,Mobile,PIX,0.18,0
626,1841.25,2025-06-05 13:38:37.746791,São Paulo,Mobile,Boleto,0.17,0
627,2483.56,2025-05-10 07:13:51.957210,Nova York,Mobile,Boleto,0.23,0
628,64066.840185711786,2025-03-01 01:41:16.646802,Londres,Tablet,Boleto,0.79,1
629,149.49,2025-02-18 09:43:09.656694,Rio de Janeiro,Mobile,Boleto,0.09,0
630,1163.75,2025-05-19 09:13:33.860237,Nova York,Mobile,Boleto,0.23,0
631,4997.97,2025-05-22 23:10:27.419867,São Paulo,Mobile,Cartão Débito,0.22,0
632,9023.07,2025-01-12 15:13:18.742427,Curitiba,Desktop,Cartão Crédito,0.34,0
633,2867.12,2025-05-08 04:19:57.467661,Tóquio,Mobile,PIX,0.23,0
634,3038.12,2025-01-13 18:22:37.073019,Nova York,Mobile,PIX,0.33,0
635,453.45,2025-03-30 18:15:35.705671,Nova York,Mobile,Boleto,0.35,0
636,2372.57,2025-01-25 20:58:48.992790,Curitiba,Mobile,PIX,0.02,0
637,3042.43,2025-01-09 00:52:50.692130,Nova York,Mobile,Boleto,0.35,0
638,1110.77,2025-04-28 11:23:47.044009,São Paulo,Mobile,Cartão Débito,0.11,0
639,1254.7,2025-03-23 11:08:52.806161,São Paulo,Mobile,Cartão Débito,0.03,0
640,1894.66,2025-02-07 16:25:29.676893,Curitiba,Mobile,Cartão Crédito,0.04,0
641,81.1,2025-05-07 20:09:16.909109,Tóquio,Mobile,Cartão Débito,0.31,0
642,1554.9,2025-03-10 18:17:13.874027,Londres,Desktop,Cartão Débito,0.37,0
643,950.23,2025-06-11 15:27:29.628770,Rio de Janeiro,Mobile,Cartão Crédito,0.19,0
644,1587.0,2025-01-01 08:06:39.924202,Londres,Mobile,PIX,0.37,0
645,510.25,2025-05-16 16:52:44.158687,Nova York,Mobile,Boleto,0.4,0
646,8848.32,2025-03-09 02:44:38.843868,Rio de Janeiro,Tablet,Boleto,0.25,0
647,3601.6,2025-02-11 21:01:28.566356,Curitiba,Mobile,PIX,0.21,0
648,4546.53,2025-04-15 07:15:21.514887,Curitiba,Mobile,Cartão Crédito,0.11,0
649,6226.84,2025-01-17 14:15:37.811630,Tóquio,Desktop,PIX,0.4,0
650,2760.15,2025-06-06 05:24:40.796555,Rio de Janeiro,Mobile,Cartão Débito,0.02,0
651,363.73,2025-02-04 11:23:11.078172,São Paulo,Mobile,Cartão Crédito,0.01,0
652,3081.03,2025-03-15 07:14:44.452889,Rio de Janeiro,Mobile,Cartão Crédito,0.15,0
653,3535.69,2025-01-24 15:13:29.309704,Nova York,Desktop,Cartão Crédito,0.41,0
654,5472.87,2025-01-17 10:54:12.422989,São Paulo,Mobile,Boleto,0.07,0
655,2260.14,2025-03-20 06:18:58.312603,Curitiba,Desktop,PIX,0.23,0
656,545.94,2025-03-19 06:34:02.324896,Rio de Janeiro,Tablet,Cartão Crédito,0.05,0
657,1335.05,2025-05-03 11:59:58.826185,Londres,Mobile,Cartão Crédito,0.32,0
658,1804.46,2025-04-24 09:17:02.986607,Tóquio,Mobile,Cartão Crédito,0.28,0
659,4152.9,2025-06-06 19:42:50.433710,Londres,Mobile,PIX,0.39,0
660,3383.13,2025-06-04 23:34:30.462857,Tóquio,Mobile,Boleto,0.38,0
661,1760.83,2025-03-05 02:55:58.924045,Nova York,Mobile,Cartão Débito,0.3,0
662,17224.78,2025-01-25 18:13:26.859546,Londres,Tablet,Boleto,0.51,1
663,3723.33,2025-01-28 19:52:20.002290,Rio de Janeiro,Desktop,Cartão Crédito,0.19,0
664,1083.18,2025-05-29 23:08:56.938599,Rio de Janeiro,Desktop,Boleto,0.27,0
665,429.37,2025-03-17 00:27:18.070486,Londres,Mobile,Boleto,0.27,0
666,663.55,2025-02-25 21:24:31.117870,Rio de Janeiro,Desktop,Cartão Débito,0.15,0
667,1129.23,2025-04-15 19:10:10.747139,Nova York,Tablet,PIX,0.22,0
668,700.66,2025-05-30 10:35:52.554444,São Paulo,Desktop,PIX,0.2,0
669,825.97,2025-05-14 18:55:54.510540,Nova York,Mobile,Boleto,0.3,0
670,1342.42,2025-04-17 15:22:03.665754,Tóquio,Desktop,Boleto,0.47,1
671,761.61,2025-01-25 00:39:34.649796,Nova York,Mobile,PIX,0.25,0
672,9083.01,2025-01-20 16:54:04.898995,Tóquio,Mobile,PIX,0.47,1
673,334.54,2025-06-08 17:54:37.315116,Rio de Janeiro,Mobile,Cartão Débito,0.16,0
674,2973.65,2025-01-04 01:27:58.807692,São Paulo,Desktop,Cartão Crédito,0.28,0
675,2113.22,2025-04-18 02:17:37.823462,Rio de Janeiro,Desktop,Boleto,0.19,0
676,16154.57,2025-02-14 16:25:23.495200,Curitiba,Mobile,PIX,0.32,0
677,475.31,2025-03-29 16:31:01.701758,Rio de Janeiro,Mobile,Boleto,0.06,0
678,2029.03,2025-01-28 13:39:36.487274,Tóquio,Mobile,Boleto,0.4,0
679,13956.24,2025-02-03 18:50:32.618146,Rio de Janeiro,Mobile,PIX,0.24,0
680,8024.98,2025-01-01 07:46:24.980589,Rio de Janeiro,Mobile,Cartão Débito,0.23,0
681,6794.65,2025-01-19 16:22:05.456139,São Paulo,Mobile,Boleto,0.17,0
682,1193.1,2025-01-07 15:35:18.538226,Rio de Janeiro,Desktop,Cartão Débito,0.21,0
683,749.6,2025-05-24 06:04:03.303613,São Paulo,Mobile,PIX,0.01,0
684,4418.24,2025-01-12 12:46:54.038567,Londres,Mobile,Cartão Crédito,0.32,0
685,10601.54,2025-03-12 08:10:44.089144,Curitiba,Mobile,Cartão Crédito,0.28,0
686,3254.6,2025-03-09 10:52:20.923039,São Paulo,Tablet,Boleto,0.05,0
687,3390.91,2025-05-30 07:01:15.005288,Tóquio,Desktop,PIX,0.45,0
688,1313.9,2025-01-10 21:57:04.320382,Londres,Desktop,Cartão Débito,0.5,1
689,5869.9,2025-02-28 13:04:48.579629,São Paulo,Mobile,Boleto,0.14,0
690,828.31,2025-05-06 08:09:19.915397,São Paulo,Mobile,PIX,0.15,0
691,1564.35,2025-06-09 00:49:04.341490,Curitiba,Mobile,PIX,0.02,0
692,2216.58,2025-02-27 22:52:12.129017,Tóquio,Desktop,Cartão Débito,0.39,0
693,2833.94,2025-01-17 22:34:00.861697,Nova York,Tablet,Boleto,0.24,0
694,1110.45,2025-04-21 01:42:51.604376,Nova York,Desktop,PIX,0.43,0
695,487.93,2025-05-01 10:06:09.984410,São Paulo,Desktop,PIX,0.29,0
696,41002.46653316791,2025-02-26 20:41:23.957793,Rio de Janeiro,Desktop,PIX,0.59,1
697,1362.25,2025-05-16 05:09:30.211249,Tóquio,Mobile,Cartão Débito,0.22,0
698,3481.81,2025-06-16 02:34:07.612890,Londres,Tablet,Boleto,0.29,0
699,670.66,2025-06-01 14:09:12.626669,Rio de Janeiro,Mobile,Boleto,0.11,0
700,2624.49,2025-02-12 05:24:48.677463,Rio de Janeiro,Mobile,Boleto,0.09,0
701,3042.19,2025-01-07 19:26:23.721264,Tóquio,Mobile,Boleto,0.38,0
702,212.86,2025-02-09 13:00:28.972370,São Paulo,Mobile,Cartão Crédito,0.16,0
703,1641.53,2025-02-25 12:53:31.433866,São Paulo,Mobile,Cartão Crédito,0.13,0
704,577.4,2025-01-21 08:48:15.696951,São Paulo,Mobile,Boleto,0.08,0
705,261.89,2025-06-12 05:46:09.749912,São Paulo,Mobile,Cartão Débito,0.05,0
706,18404.81,2025-01-23 02:43:47.083644,Nova York,Mobile,Cartão Crédito,0.46,0
707,1556.52,2025-03-16 10:04:15.775338,São Paulo,Mobile,PIX,0.08,0
708,6640.28,2025-04-14 02:11:32.955297,Nova York,Mobile,Cartão Crédito,0.32,0
709,1175.56,2025-05-09 04:38:05.820125,Nova York,Mobile,PIX,0.34,0
710,4576.57,2025-03-13 16:31:02.502880,São Paulo,Mobile,Boleto,0.15,0
711,5712.26,2025-04-19 22:32:01.522980,Curitiba,Desktop,Cartão Crédito,0.14,0
712,3621.79,2025-02-19 07:43:14.611846,Londres,Desktop,Cartão Débito,0.4,0
713,2551.43,2025-04-28 22:33:24.259638,Rio de Janeiro,Desktop,Cartão Crédito,0.15,0
714,2123.03,2025-05-24 12:23:38.134807,Nova York,Desktop,Cartão Crédito,0.34,0
715,1716.17,2025-01-08 12:32:49.351167,Tóquio,Mobile,Cartão Crédito,0.37,0
716,10610.22,2025-04-10 14:04:52.796897,Tóquio,Desktop,Boleto,0.51,1
717,7102.43,2025-03-02 15:15:46.979258,Londres,Mobile,Cartão Débito,0.32,0
718,13412.71,2025-01-13 14:35:10.596815,Tóquio,Mobile,Cartão Crédito,0.45,0
719,530.91,2025-05-01 14:48:24.566061,Curitiba,Desktop,Cartão Débito,0.28,0
720,5250.21,2025-05-13 02:20:15.155829,Tóquio,Mobile,Boleto,0.34,0
721,11144.51,2025-03-02 22:27:05.693556,Rio de Janeiro,Desktop,PIX,0.35,0
722,799.82,2025-02-23 04:12:32.732697,Rio de Janeiro,Desktop,Cartão Crédito,0.2,0
723,275.24,2025-04-25 14:20:12.911530,Nova York,Desktop,Cartão Débito,0.45,0
724,5405.57,2025-06-07 12:49:40.127835,São Paulo,Tablet,Cartão Débito,0.22,0
725,3417.71,2025-02-04 12:32:21.055464,Curitiba,Mobile,Boleto,0.06,0
726,7376.31,2025-03-28 19:17:37.136575,Nova York,Mobile,Cartão Crédito,0.41,0
727,602.23,2025-03-23 22:21:09.293850,Curitiba,Mobile,PIX,0.19,0
728,6344.2,2025-05-09 23:09:39.805525,São Paulo,Mobile,Cartão Débito,0.22,0
729,900.72,2025-02-24 21:20:28.881115,Tóquio,Desktop,Cartão Crédito,0.43,0
730,714.86,2025-05-07 07:44:06.862577,Tóquio,Desktop,PIX,0.43,0
731,717.78,2025-04-24 16:00:00.793018,São Paulo,Desktop,Cartão Débito,0.18,0
732,6740.41,2025-01-23 02:28:24.286660,Nova York,Mobile,Cartão Débito,0.38,0
733,4376.85,2025-04-02 02:35:22.108440,São Paulo,Mobile,PIX,0.13,0
734,2961.5,2025-03-13 20:39:23.185300,Londres,Mobile,PIX,0.35,0
735,1777.85,2025-02-03 16:43:54.628664,Rio de Janeiro,Mobile,Boleto,0.09,0
736,8388.81,2025-06-14 21:46:16.317288,Nova York,Desktop,Cartão Crédito,0.64,1
737,1993.25,2025-04-06 01:08:00.423378,Curitiba,Mobile,Cartão Crédito,0.17,0
738,6784.33,2025-05-03 22:54:39.845496,Londres,Mobile,Boleto,0.26,0
739,2313.1,2025-05-10 16:44:22.867741,Nova York,Mobile,Cartão Débito,0.38,0
740,1892.48,2025-03-14 08:00:55.301512,São Paulo,Desktop,PIX,0.22,0
741,2484.64,2025-05-01 06:15:17.813251,São Paulo,Desktop,PIX,0.28,0
742,1434.58,2025-03-01 06:25:14.342514,São Paulo,Mobile,PIX,0.09,0
743,5507.11,2025-04-29 21:14:29.586495,São Paulo,Mobile,Cartão Débito,0.1,0
744,2794.41,2025-02-20 12:14:36.178536,Curitiba,Mobile,PIX,0.2,0
745,1056.97,2025-04-30 18:55:01.997592,Londres,Mobile,PIX,0.26,0
746,81061.55096772715,2025-03-22 01:22:20.594270,Tóquio,Desktop,Boleto,1.0,1
747,1937.33,2025-01-11 23:36:03.849176,Rio de Janeiro,Desktop,Cartão Débito,0.21,0
748,3137.13,2025-03-13 13:14:38.092377,Curitiba,Mobile,Cartão Crédito,0.12,0
749,9477.98,2025-03-22 00:09:18.848774,Curitiba,Mobile,Boleto,0.26,0
750,3915.2,2025-03-17 01:22:41.180833,Tóquio,Tablet,Boleto,0.33,0
751,497.26,2025-03-08 02:06:22.371548,Tóquio,Mobile,Cartão Crédito,0.27,0
752,11242.47,2025-01-28 08:32:16.089202,Rio de Janeiro,Desktop,Boleto,0.31,0
753,3952.31,2025-01-09 00:20:26.833403,Rio de Janeiro,Mobile,Cartão Débito,0.07,0
754,1631.31,2025-01-25 08:19:11.256796,Tóquio,Mobile,PIX,0.21,0
755,599.91,2025-03-16 02:49:02.014210,São Paulo,Mobile,Cartão Débito,0.2,0
756,6320.01,2025-02-21 07:53:08.660532,Curitiba,Mobile,Cartão Crédito,0.22,0
757,3871.1,2025-06-07 18:25:43.212048,Nova York,Tablet,Cartão Crédito,0.3,0
758,3049.66,2025-03-23 05:21:04.099608,Rio de Janeiro,Mobile,Boleto,0.16,0
759,8973.21,2025-06-14 15:46:49.056457,Rio de Janeiro,Mobile,Cartão Débito,0.26,0
760,6215.96,2025-02-14 22:25:53.270690,Tóquio,Mobile,Cartão Débito,0.37,0
761,657.97,2025-04-14 14:04:26.753692,Londres,Mobile,Cartão Crédito,0.36,0
762,11966.896062538073,2025-02-23 02:49:10.599742,Nova York,Mobile,Cartão Débito,0.6,1
763,1142.68,2025-03-18 18:13:15.012300,Nova York,Mobile,Cartão Crédito,0.29,0
764,5449.47,2025-06-10 04:54:10.838895,Rio de Janeiro,Desktop,Cartão Débito,0.28,0
765,136.43,2025-05-19 16:59:10.009867,São Paulo,Mobile,Cartão Débito,0.05,0
766,3374.85,2025-06-03 10:56:22.475199,Londres,Mobile,Cartão Débito,0.42,0
767,29207.171856805646,2025-01-30 00:43:48.283502,Nova York,Tablet,Cartão Crédito,0.5,1
768,8374.67,2025-05-17 21:24:19.318355,Rio de Janeiro,Mobile,Boleto,0.31,0
769,1674.7,2025-05-15 13:13:48.070032,Nova York,Tablet,Cartão Débito,0.34,0
770,6887.23,2025-02-13 00:14:54.894085,Londres,Mobile,Cartão Crédito,0.37,0
771,468.98,2025-04-25 14:19:44.231102,Londres,Desktop,Cartão Crédito,0.33,0
772,7494.98,2025-05-21 05:41:55.508587,Curitiba,Desktop,Cartão Débito,0.33,0
773,545.52,2025-02-05 12:39:18.178203,Tóquio,Desktop,Cartão Débito,0.34,0
774,2025.26,2025-06-06 03:28:06.219873,Tóquio,Tablet,Boleto,0.33,0
775,6384.02,2025-03-01 16:01:17.027199,Rio de Janeiro,Mobile,Cartão Crédito,0.08,0
776,649.69,2025-02-12 14:17:18.989558,Londres,Tablet,Cartão Crédito,0.26,0
777,1041.57,2025-05-30 16:18:44.759510,Curitiba,Mobile,PIX,0.11,0
778,5124.17,2025-06-12 17:38:27.823892,Curitiba,Mobile,Cartão Crédito,0.11,0
779,5092.38,2025-04-05 14:12:17.495402,Nova York,Mobile,Boleto,0.26,0
780,4099.38,2025-06-13 07:57:37.912592,Nova York,Mobile,PIX,0.25,0
781,4736.01,2025-03-18 10:34:37.530930,Curitiba,Mobile,PIX,0.11,0
782,3129.88,2025-03-24 17:13:15.263902,Nova York,Mobile,PIX,0.37,0
783,1160.33,2025-04-13 15:45:28.704072,Londres,Mobile,Cartão Débito,0.39,0
784,1696.73,2025-04-25 00:39:45.832397,São Paulo,Desktop,Cartão Débito,0.13,0
785,801.61,2025-02-12 15:31:37.775865,Londres,Desktop,Cartão Crédito,0.38,0
786,9563.5,2025-02-17 04:39:37.915886,Curitiba,Mobile,PIX,0.22,0
787,3502.44,2025-02-27 10:21:48.656297,Curitiba,Mobile,Boleto,0.02,0
788,2048.98,2025-04-02 10:49:13.868250,Londres,Mobile,Cartão Débito,0.34,0
789,2479.63,2025-04-14 20:25:31.121963,Nova York,Mobile,Boleto,0.33,0
790,11771.29,2025-05-25 04:28:57.351664,Nova York,Mobile,Boleto,0.44,0
791,665.88,2025-04-15 09:57:24.166591,Tóquio,Mobile,Cartão Débito,0.25,0
792,3529.78,2025-06-11 01:57:59.383273,Curitiba,Mobile,Cartão Débito,0.02,0
793,2819.98,2025-05-16 16:42:50.410812,Rio de Janeiro,Tablet,Cartão Débito,0.18,0
794,3781.38,2025-05-11 05:18:03.200006,Tóquio,Mobile,Cartão Débito,0.41,0
795,73.1,2025-04-29 11:48:49.408944,Nova York,Mobile,PIX,0.23,0
796,8226.77,2025-04-23 21:05:47.160983,Londres,Mobile,PIX,0.29,0
797,10759.95,2025-02-18 12:36:17.410747,Nova York,Mobile,PIX,0.58,1
798,3330.86,2025-05-29 09:01:32.931740,Londres,Mobile,PIX,0.4,0
799,4771.48,2025-04-10 19:16:36.337384,Tóquio,Desktop,Cartão Crédito,0.41,0
800,10229.88,2025-04-18 14:52:57.207000,Curitiba,Mobile,PIX,0.21,0
801,4913.59,2025-04-02 06:04:05.724911,Nova York,Mobile,Cartão Débito,0.23,0
802,662.04,2025-02-09 07:14:45.571227,Londres,Tablet,Boleto,0.32,0
803,3434.81,2025-02-04 10:02:35.094241,Curitiba,Desktop,PIX,0.2,0
804,3732.88,2025-01-01 17:05:12.492489,Rio de Janeiro,Desktop,Cartão Crédito,0.12,0
805,2207.5,2025-06-15 21:41:10.389584,Londres,Mobile,Cartão Débito,0.33,0
806,5333.96,2025-05-25 19:13:15.351814,Tóquio,Desktop,Boleto,0.33,0
807,10894.71,2025-02-20 00:45:11.926330,Rio de Janeiro,Mobile,Boleto,0.36,0
808,10391.5,2025-02-05 01:03:00.312224,Rio de Janeiro,Mobile,PIX,0.26,0
809,2397.46,2025-04-16 02:57:41.711116,São Paulo,Mobile,Boleto,0.02,0
810,480.71,2025-05-10 01:24:56.845135,Nova York,Mobile,PIX,0.32,0
811,16756.7,2025-03-29 16:17:17.206963,Londres,Mobile,PIX,0.51,1
812,7302.87,2025-06-08 21:37:04.458273,Rio de Janeiro,Mobile,Cartão Débito,0.23,0
813,532.58,2025-05-25 13:51:19.365172,São Paulo,Tablet,Cartão Débito,0.11,0
814,10145.23,2025-02-09 00:25:55.441257,Tóquio,Tablet,Cartão Crédito,0.46,0
815,75276.83811140891,2025-05-28 06:24:23.529129,Curitiba,Desktop,Cartão Débito,0.77,1
816,2926.21,2025-01-15 20:27:05.636903,Londres,Mobile,Cartão Débito,0.27,0
817,3578.86,2025-05-23 12:55:09.141357,Rio de Janeiro,Desktop,PIX,0.3,0
818,2036.66,2025-03-31 05:38:18.208490,Nova York,Mobile,Cartão Débito,0.29,0
819,225.27,2025-01-20 05:35:40.720046,São Paulo,Desktop,PIX,0.21,0
820,1633.06,2025-04-13 06:12:53.029012,Rio de Janeiro,Mobile,PIX,0.02,0
821,6495.23,2025-03-29 19:52:08.916203,Nova York,Desktop,Cartão Débito,0.42,0
822,18.57,2025-01-17 20:30:59.955540,Rio de Janeiro,Mobile,Cartão Crédito,0.17,0
823,1622.86,2025-05-16 22:03:22.345185,Londres,Desktop,Cartão Crédito,0.47,1
824,2031.11,2025-05-30 00:13:47.018487,Londres,Tablet,Boleto,0.26,0
825,3083.53,2025-02-21 05:13:10.821052,Londres,Mobile,Boleto,0.26,0
826,10095.7,2025-06-11 08:55:37.734403,Tóquio,Mobile,Cartão Débito,0.56,1
827,1700.71,2025-01-28 00:36:23.946730,Tóquio,Tablet,Cartão Crédito,0.39,0
828,1704.43,2025-05-03 00:05:05.129610,São Paulo,Mobile,PIX,0.03,0
829,5350.04,2025-02-26 13:01:09.744521,Londres,Desktop,Boleto,0.42,0
830,2407.51,2025-01-04 20:14:23.256565,Nova York,Mobile,PIX,0.28,0
831,1017.53,2025-04-21 14:19:28.933499,Rio de Janeiro,Mobile,Boleto,0.18,0
832,2409.13,2025-03-19 12:36:12.861973,Curitiba,Mobile,Cartão Débito,0.03,0
833,607.28,2025-04-16 06:25:57.783278,Nova York,Mobile,Cartão Crédito,0.25,0
834,776.22,2025-01-03 10:58:16.813452,Tóquio,Desktop,Boleto,0.45,0
835,2759.55,2025-03-04 20:45:01.799109,Tóquio,Mobile,Cartão Crédito,0.22,0
836,2171.5,2025-03-17 18:11:51.429777,Nova York,Mobile,PIX,0.31,0
837,9853.17,2025-05-24 06:07:13.837690,Tóquio,Mobile,Cartão Débito,0.49,1
838,1800.14,2025-05-21 00:01:53.143988,Londres,Mobile,Cartão Crédito,0.28,0
839,3475.61,2025-06-01 09:02:05.562765,São Paulo,Desktop,Cartão Débito,0.2,0
840,25795.598101283875,2025-01-08 12:23:08.770880,Rio de Janeiro,Tablet,Cartão Crédito,0.39,0
841,52.72,2025-03-11 07:36:37.547904,São Paulo,Mobile,PIX,0.03,0
842,4357.07,2025-05-28 10:21:42.073115,Rio de Janeiro,Desktop,PIX,0.24,0
843,784.23,2025-05-09 08:55:53.241910,Rio de Janeiro,Desktop,Cartão Débito,0.27,0
844,12983.99,2025-03-10 06:23:01.383797,São Paulo,Mobile,PIX,0.37,0
845,643.79,2025-01-27 03:15:38.691421,Nova York,Tablet,Boleto,0.23,0
846,2142.0,2025-03-31 07:36:17.530530,Rio de Janeiro,Mobile,Cartão Crédito,0.04,0
847,356.85,2025-04-27 07:51:56.571205,São Paulo,Mobile,PIX,0.06,0
848,119199.4422910507,2025-01-19 03:12:27.967441,Rio de Janeiro,Desktop,Boleto,0.92,1
849,2790.19,2025-05-10 17:06:03.795427,Curitiba,Mobile,Cartão Débito,0.1,0
850,3619.28,2025-03-21 15:26:15.906685,Nova York,Desktop,Boleto,0.45,0
851,2409.734891261467,2025-01-24 01:42:01.018808,Londres,Desktop,Cartão Débito,0.32,0
852,5544.55,2025-04-13 11:58:55.180098,Rio de Janeiro,Mobile,Cartão Débito,0.03,0
853,942.41,2025-06-03 10:07:18.630807,Curitiba,Desktop,Cartão Crédito,0.18,0
854,9133.26,2025-05-17 08:57:12.616810,Londres,Mobile,Cartão Crédito,0.54,1
855,918.36,2025-01-17 11:20:40.485395,Londres,Mobile,Boleto,0.24,0
856,846.28,2025-06-03 07:21:18.000269,Rio de Janeiro,Desktop,Cartão Crédito,0.23,0
857,148.94,2025-06-10 07:47:07.289010,São Paulo,Tablet,Cartão Crédito,0.05,0
858,2555.14,2025-03-12 13:27:29.256148,Rio de Janeiro,Mobile,Cartão Crédito,0.19,0
859,3328.18,2025-03-17 12:07:59.476247,Curitiba,Mobile,Boleto,0.2,0
860,271.87,2025-06-09 10:52:58.726289,Londres,Desktop,PIX,0.36,0
861,5976.01,2025-02-04 14:50:05.289294,Rio de Janeiro,Desktop,Cartão Crédito,0.18,0
862,2415.34,2025-04-07 10:52:09.013615,São Paulo,Desktop,Cartão Crédito,0.19,0
863,2972.63,2025-03-11 10:47:56.644218,Rio de Janeiro,Mobile,Boleto,0.06,0
864,2324.73,2025-05-16 15:54:04.576070,Nova York,Mobile,PIX,0.35,0
865,2048.39,2025-06-05 12:30:54.175993,São Paulo,Mobile,Cartão Crédito,0.18,0
866,3280.65,2025-04-27 21:45:32.502580,Curitiba,Desktop,Cartão Débito,0.25,0
867,674.81,2025-06-08 12:17:27.251387,Londres,Mobile,Boleto,0.37,0
868,803.22,2025-05-23 03:55:57.489926,Rio de Janeiro,Mobile,Cartão Crédito,0.08,0
869,7915.8,2025-04-15 04:46:02.116826,São Paulo,Tablet,Cartão Crédito,0.07,0
870,11683.65,2025-02-03 12:21:06.394489,Nova York,Mobile,Cartão Débito,0.56,1
871,1869.21,2025-05-18 04:44:36.733377,São Paulo,Tablet,Cartão Débito,0.08,0
872,1262.93,2025-04-19 11:59:34.584369,Tóquio,Desktop,Boleto,0.44,0
873,4131.29,2025-01-11 02:20:21.919653,Nova York,Desktop,Boleto,0.37,0
874,2101.96,2025-02-25 11:41:17.382863,Curitiba,Mobile,Cartão Débito,0.03,0
875,102.86,2025-01-22 14:37:45.415456,Londres,Mobile,Boleto,0.4,0
876,679.13,2025-01-18 21:51:51.699060,Curitiba,Desktop,Cartão Débito,0.13,0
877,5034.73,2025-06-03 00:01:18.633424,Rio de Janeiro,Desktop,Cartão Crédito,0.32,0
878,4302.6,2025-06-03 15:04:12.537848,São Paulo,Desktop,Cartão Débito,0.32,0
879,1133.656693229251,2025-01-02 23:53:11.446073,Tóquio,Mobile,Cartão Débito,0.36,0
880,1003.97,2025-04-03 23:25:08.028439,Nova York,Desktop,PIX,0.44,0
881,1051.05,2025-04-21 20:55:31.171534,Nova York,Desktop,Cartão Débito,0.42,0
882,4457.66,2025-06-03 01:33:35.741127,São Paulo,Desktop,Cartão Débito,0.3,0
883,79.63,2025-05-19 11:20:59.339583,Tóquio,Desktop,PIX,0.36,0
884,439.74,2025-05-03 21:30:38.044266,São Paulo,Desktop,Boleto,0.2,0
885,6436.07,2025-04-06 05:27:04.101797,Rio de Janeiro,Desktop,PIX,0.26,0
886,786.71,2025-01-31 13:58:44.878994,Curitiba,Mobile,Cartão Crédito,0.09,0
887,4230.8,2025-06-02 12:24:58.380964,Nova York,Mobile,PIX,0.31,0
888,1088.19,2025-01-17 20:49:20.112756,Rio de Janeiro,Mobile,Cartão Crédito,0.07,0
889,418.96,2025-05-30 11:48:53.778140,Curitiba,Mobile,Boleto,0.11,0
890,1114.48,2025-03-06 10:40:41.261686,Rio de Janeiro,Mobile,PIX,0.18,0
891,5124.38,2025-04-14 14:15:19.877064,Tóquio,Mobile,PIX,0.27,0
892,7743.35,2025-03-25 17:57:28.853539,Nova York,Mobile,Boleto,0.43,0
893,7093.0,2025-04-02 05:47:46.757026,São Paulo,Mobile,Cartão Crédito,0.17,0
894,2024.57,2025-05-13 16:30:26.859117,São Paulo,Desktop,PIX,0.27,0
895,4411.51,2025-04-09 15:58:35.859752,Curitiba,Tablet,Cartão Crédito,0.13,0
896,917.57,2025-03-28 23:15:54.882606,Londres,Mobile,PIX,0.36,0
897,1387.73,2025-01-24 12:33:17.106365,Tóquio,Tablet,Cartão Débito,0.21,0
898,9066.39,2025-01-18 04:49:50.757304,Curitiba,Mobile,PIX,0.36,0
899,52.35,2025-01-28 01:39:14.061829,Londres,Mobile,Boleto,0.21,0
900,357.55,2025-03-07 15:23:52.397746,Rio de Janeiro,Mobile,Boleto,0.18,0
901,932.2,2025-02-13 15:46:13.397890,Tóquio,Mobile,Cartão Crédito,0.4,0
902,107.56,2025-06-02 22:36:04.498399,Rio de Janeiro,Desktop,PIX,0.16,0
903,800.81,2025-03-12 22:10:25.795805,Nova York,Desktop,Cartão Crédito,0.35,0
904,3499.07,2025-06-14 07:47:48.028656,Tóquio,Mobile,Cartão Crédito,0.37,0
905,2188.75,2025-03-23 23:35:01.853515,Londres,Mobile,Cartão Débito,0.26,0
906,8927.45,2025-04-25 16:37:58.438380,Nova York,Mobile,Cartão Débito,0.57,1
907,6802.78,2025-04-26 00:31:07.100491,São Paulo,Mobile,Boleto,0.05,0
908,1673.09,2025-01-01 07:44:26.370886,Londres,Mobile,Cartão Crédito,0.23,0
909,1201.31,2025-03-31 09:41:04.368499,Curitiba,Mobile,Boleto,0.2,0
910,1910.16,2025-02-06 13:24:29.550936,São Paulo,Desktop,PIX,0.24,0
911,3569.27,2025-04-08 18:00:18.266136,São Paulo,Tablet,Cartão Crédito,0.19,0
912,1248.25,2025-01-21 06:53:10.878526,Curitiba,Mobile,Cartão Crédito,0.07,0
913,3914.25,2025-01-27 00:42:49.705563,Tóquio,Tablet,PIX,0.35,0
914,2106.54,2025-04-11 00:59:29.120800,São Paulo,Mobile,PIX,0.13,0
915,3212.27,2025-04-26 08:28:15.966574,Londres,Mobile,Boleto,0.34,0
916,2291.7,2025-06-13 19:06:46.345992,Nova York,Mobile,Boleto,0.35,0
917,1395.2,2025-06-12 16:08:15.066526,São Paulo,Desktop,PIX,0.22,0
918,11861.07,2025-02-14 02:03:48.135025,Londres,Tablet,Boleto,0.5,1
919,5769.02,2025-03-12 04:08:28.498035,Rio de Janeiro,Desktop,PIX,0.18,0
920,603.82,2025-02-25 14:04:12.262938,Londres,Mobile,Cartão Crédito,0.36,0
921,8114.02,2025-03-12 11:06:39.324953,Nova York,Desktop,Cartão Crédito,0.39,0
922,2673.28,2025-05-05 03:54:06.078693,Londres,Mobile,Cartão Débito,0.35,0
923,8998.16,2025-03-05 06:37:51.295261,Curitiba,Desktop,Cartão Crédito,0.34,0
924,6434.86,2025-03-22 23:44:28.303627,Nova York,Mobile,PIX,0.36,0
925,2215.03,2025-04-19 08:35:24.630556,Tóquio,Mobile,Boleto,0.36,0
926,90.9,2025-06-04 19:43:14.437111,Rio de Janeiro,Mobile,Cartão Débito,0.04,0
927,1251.6,2025-02-06 12:07:37.983982,Curitiba,Desktop,Boleto,0.12,0
928,3120.35,2025-05-01 10:27:17.958834,Tóquio,Mobile,PIX,0.24,0
929,4014.79,2025-03-23 16:40:00.765606,Londres,Desktop,Cartão Crédito,0.44,0
930,1193.02,2025-04-10 19:54:14.972966,Nova York,Mobile,Cartão Débito,0.38,0
931,600.3,2025-04-14 09:04:54.623119,Rio de Janeiro,Desktop,PIX,0.11,0
932,7205.55,2025-05-31 10:42:42.814204,Curitiba,Desktop,Cartão Débito,0.28,0
933,16642.5,2025-05-03 12:24:33.937908,Tóquio,Desktop,Cartão Débito,0.6,1
934,2983.58,2025-04-09 02:56:09.700540,Tóquio,Mobile,Cartão Crédito,0.31,0
935,753.42,2025-06-12 05:36:03.302565,Rio de Janeiro,Mobile,PIX,0.19,0
936,1271.51,2025-06-01 08:38:05.262996,Londres,Mobile,Boleto,0.27,0
937,716.1368642832706,2025-04-17 02:27:18.818438,Rio de Janeiro,Desktop,Cartão Débito,0.2,0
938,9827.55,2025-02-19 19:47:13.601648,Tóquio,Mobile,Cartão Débito,0.4,0
939,501.12,2025-02-14 06:30:15.324506,São Paulo,Mobile,Boleto,0.02,0
940,3436.96,2025-05-26 00:00:25.555470,Curitiba,Mobile,PIX,0.07,0
941,10885.74843808685,2025-03-30 13:18:09.698884,Rio de Janeiro,Mobile,Cartão Débito,0.21,0
942,3231.34,2025-03-02 03:58:16.590672,Tóquio,Desktop,Cartão Débito,0.44,0
943,4215.55,2025-05-30 14:25:15.998337,Londres,Mobile,Cartão Débito,0.31,0
944,7081.76,2025-01-17 18:01:19.553048,Tóquio,Desktop,PIX,0.45,0
945,924.81,2025-05-17 19:03:43.426546,Londres,Mobile,PIX,0.24,0
946,44.23,2025-02-11 05:18:07.896612,Rio de Janeiro,Mobile,Boleto,0.06,0
947,588.83,2025-04-17 22:58:25.592032,Londres,Mobile,PIX,0.34,0
948,9211.09,2025-05-25 17:29:20.997095,Nova York,Mobile,PIX,0.59,1
949,8282.41,2025-05-16 00:02:15.120711,Nova York,Mobile,Cartão Crédito,0.4,0
950,3639.38,2025-03-01 14:52:21.295606,Nova York,Desktop,Boleto,0.5,1
951,3670.33,2025-04-13 02:27:26.716019,São Paulo,Mobile,Cartão Débito,0.13,0
952,4374.94,2025-05-17 18:52:23.081809,Rio de Janeiro,Desktop,PIX,0.23,0
953,7812.893492928961,2025-03-21 12:19:20.682899,Tóquio,Mobile,Cartão Débito,0.34,0
954,9832.84,2025-01-24 11:42:29.902862,Tóquio,Mobile,Cartão Débito,0.41,0
955,2170.44,2025-03-31 04:09:32.875886,São Paulo,Desktop,Cartão Crédito,0.13,0
956,1932.44,2025-02-12 04:41:51.118657,Londres,Mobile,PIX,0.33,0
957,2926.87,2025-05-17 10:06:25.202425,São Paulo,Mobile,Boleto,0.08,0
958,2021.5812584239172,2025-04-28 04:27:54.043508,Londres,Mobile,PIX,0.39,0
959,727.45,2025-04-28 14:57:37.913202,Londres,Mobile,Cartão Débito,0.28,0
960,5358.16,2025-04-11 23:20:12.341856,Curitiba,Desktop,Boleto,0.16,0
961,345.71,2025-06-16 16:21:50.217622,Tóquio,Mobile,PIX,0.34,0
962,3696.81,2025-01-22 23:49:24.385114,Nova York,Desktop,Cartão Débito,0.38,0
963,1126.0,2025-04-21 16:59:09.199020,Londres,Desktop,Cartão Débito,0.41,0
964,1972.57,2025-06-17 11:58:11.971598,Curitiba,Mobile,Cartão Crédito,0.15,0
965,1362.61,2025-05-13 20:22:57.221669,Tóquio,Tablet,Cartão Crédito,0.39,0
966,1758.19,2025-03-10 14:46:32.258779,Nova York,Mobile,Cartão Crédito,0.37,0
967,5078.26,2025-05-31 10:43:59.609707,Londres,Tablet,Cartão Débito,0.36,0
968,1410.29,2025-06-06 20:54:07.522024,Londres,Mobile,PIX,0.34,0
969,3342.57,2025-03-23 01:14:53.387966,São Paulo,Desktop,Cartão Crédito,0.31,0
970,2585.44,2025-05-31 13:12:43.239877,São Paulo,Mobile,PIX,0.07,0
971,4358.66,2025-05-09 23:12:44.146961,Tóquio,Mobile,Cartão Crédito,0.22,0
972,11047.69,2025-04-29 00:06:33.514668,Nova York,Desktop,Boleto,0.56,1
973,5275.62,2025-06-09 17:39:55.846375,Londres,Desktop,Boleto,0.37,0
974,967.98,2025-04-03 05:25:55.240421,Tóquio,Mobile,Cartão Crédito,0.34,0
975,126.72,2025-01-13 14:41:47.306030,Tóquio,Mobile,Cartão Débito,0.33,0
976,1216.68,2025-06-06 14:19:03.873962,Rio de Janeiro,Desktop,Cartão Crédito,0.22,0
977,3616.24,2025-02-08 11:21:18.782663,São Paulo,Desktop,Cartão Crédito,0.12,0
978,211.18,2025-04-25 02:50:57.361642,Nova York,Tablet,Cartão Débito,0.35,0
979,2743.62,2025-03-01 12:58:26.949244,Londres,Desktop,Boleto,0.38,0
980,3633.72,2025-02-25 16:17:20.493832,Tóquio,Tablet,PIX,0.35,0
981,1627.33,2025-04-14 02:21:44.188667,Londres,Desktop,Cartão Crédito,0.42,0
982,5894.6,2025-01-18 22:06:56.800145,Rio de Janeiro,Mobile,Cartão Débito,0.1,0
983,450.88,2025-05-13 03:21:58.899774,Nova York,Mobile,Cartão Crédito,0.23,0
984,312.44,2025-04-19 14:46:44.022498,Tóquio,Desktop,Cartão Débito,0.32,0
985,5210.59,2025-02-28 23:02:33.957099,Londres,Desktop,PIX,0.49,1
986,2736.68,2025-01-12 17:53:41.945650,São Paulo,Mobile,PIX,0.2,0
987,4664.17,2025-04-26 13:56:06.252175,Rio de Janeiro,Mobile,Boleto,0.15,0
988,2282.5,2025-06-14 10:30:22.849174,Nova York,Tablet,Cartão Débito,0.23,0
989,1131.59,2025-04-07 01:46:26.352737,Rio de Janeiro,Mobile,Cartão Débito,0.09,0
990,6839.29,2025-01-24 13:14:30.909601,São Paulo,Mobile,Boleto,0.18,0
991,6426.09,2025-02-16 15:35:55.260188,Nova York,Mobile,Boleto,0.39,0
992,4745.8,2025-05-04 20:00:51.353184,Rio de Janeiro,Mobile,Cartão Débito,0.05,0
993,1270.61,2025-03-17 06:08:11.371571,Curitiba,Mobile,Boleto,0.01,0
994,3568.64,2025-03-03 01:52:49.961406,São Paulo,Mobile,PIX,0.16,0
995,1791.24,2025-01-25 15:07:39.784153,São Paulo,Mobile,Cartão Crédito,0.08,0
996,384.2,2025-03-27 00:58:58.786258,São Paulo,Desktop,PIX,0.15,0
997,9970.8,2025-01-18 21:34:06.190897,Curitiba,Mobile,Boleto,0.2,0
998,588.52,2025-05-07 22:15:29.222397,Curitiba,Desktop,Cartão Débito,0.21,0
999,12001.96,2025-02-21 03:16:25.420359,Londres,Desktop,Cartão Débito,0.68,1
1000,2362.4,2025-01-03 10:52:36.857823,Tóquio,Mobile,PIX,0.4,0
